id,date,score,text,sentiment
ba28b614-acb1-4218-9461-4eff37bb398e,2025-04-19,1,this app is really disgusting every time I try to login it shows an unknown error The worst app I am never going to use this app againt just a waste of time.,negative
d423e876-2589-4735-811d-06c882daf409,2025-03-22,1,"Getting an error ""oops. An unexpected error occurred. please try in seconds"" on registration",negative
07aeac5c-3be9-4363-b553-e84580d1c757,2025-03-12,5,Nice app,positive
d0c2e503-e1be-4666-8aeb-97f8e40ec972,2025-03-05,1,Unable to register.. then how can we expect app available on need,negative
3ceeec85-8c4d-4ec8-90a0-3b357f6f335e,2025-02-19,4,Shu TX,positive
bf91dc63-fe30-45b6-acb2-fa53c8db43e0,2025-02-16,1,Had install and unable to signup the process error msg appear saying unsupected error occur try again after sometime,negative
1977dba2-88e0-4104-9086-c29a5a2cbcdc,2025-02-11,5,Good,positive
18c0fa99-edcf-4f4e-ad29-61c7d71b0b14,2025-02-06,5,I have to go to office,positive
e9891626-1da2-4483-aabb-b8044c73dc0f,2025-01-20,1,Not getting open,negative
ad68e286-76ca-42c7-8e73-c91417fe4899,2025-01-08,1,Unable to login,negative
1c400e0a-a2a3-4339-ade8-75650bb1ff07,2024-12-27,1,Yah bekar,negative
f2a3729d-91d9-4853-8187-fe1129195962,2024-12-10,1,This app don't have service in Jayanagar really shame...,negative
b0f34c44-ed01-425a-80ff-604c5c7ae0cd,2024-11-27,1,"Worst experience I got for 1st ride , they have already drop and confirming another ride just wasting our time & rude behaviour.... really it's not worthy...I book 1st ride 4 drivers confirmed all are have another ride..worst app",negative
b440bbf1-a360-43a7-ac53-03667ce1232e,2024-11-07,1,"Worst service ever, tha ride charges are more than all the other playforms.",negative
2f84961d-b5ea-4159-92dc-0099aed5aa18,2024-11-05,1,"Please don't install this type of apps in your mobile, time waste no use with this app.",negative
e6ea578c-3b5c-4e94-a985-0504811f2b3b,2024-11-02,1,Useless application,negative
fcb04b6a-a23d-4b68-b567-7b81350ddbea,2024-10-21,1,"Fake appppppppppppppppppppp, bhosadaaaaaaaaaaaaa",negative
dd73356a-1fb4-460d-9309-3d1d1a038e15,2024-10-16,5,Hi yaary app is very good is too easy to use and affordable and reasonable price overall my experience is too good I am suggest to everybody everyone to use this app only area to good app I am very happy,positive
03488fcb-b7e4-4aaa-8342-f1301acb9e0b,2024-10-12,5,nice best working,positive
005fb705-e215-4476-859e-d56099f4afee,2024-09-27,1,My location is not available,negative
2b1c6dce-d298-4f4a-945d-28744b0998cf,2024-09-09,1,"have to focus on the ground level then they should've created the app. if this kind of performance goes on, then the total app/team will be failed for sure",negative
b5f66df7-faed-4332-b6c6-677b0e67c350,2024-09-07,5,Good price 👍 thank you yarry,positive
8b00f59b-7b65-4072-a086-fdd06052194e,2024-09-05,5,"For bike taxi no rides at all total time waste, no advertisement no rides understand this ondc",positive
a4836a49-3237-491f-a2c1-5265e0068b2f,2024-08-19,1,Very Bad app,negative
9e4b6733-4216-44e4-8559-33a098bec628,2024-08-19,1,Not one ride booking was successful in last 6 months.,negative
0fa757a1-fd1f-4ed3-88ec-79a9bf1ef95b,2024-08-19,3,it's ok,neutral
4f38169a-2273-45f6-8924-c65f4233508c,2024-08-01,1,after reviewing comments I came to conclusion it's worst app every one please uninstall,negative
3864d3ba-f7ad-4599-9eeb-a7c0da941030,2024-07-23,1,It take to... time It's very.... bad app,negative
68528fba-423a-4875-a491-32e107027d3e,2024-07-19,5,Good app,positive
f0f6736e-ca78-412e-9ddf-a895d1139aaa,2024-07-16,1,West app in hyderabad no hooked bikes autos West worst app in hyderabad no install,negative
d298f562-b009-4196-a917-ce0edfff1a46,2024-07-16,1,West app in Hyderabad Not install,negative
9fff80c7-fc73-4b24-a9e3-87e5da73a403,2024-07-15,5,Good app,positive
4f0c23aa-a8ee-4428-a1bc-b33394c2ce89,2024-07-12,5,So good 👍 I love 💕 it,positive
b7668749-d5d7-430f-888f-819de3610a66,2024-07-02,5,Yaari so good app so benefit,positive
965cedde-d6ba-46fd-a196-277eb817239b,2024-07-02,5,Good,positive
69e0888f-f773-4099-8e9a-07af013fdef6,2024-06-29,2,The availability of drivers is very poor. I have been using this app for 1 week and not a single ride got confimed. This is pathetic,negative
2eece3e0-c19a-4b1e-bc97-0b6c11bce248,2024-06-26,2,not able to cancel the ride .. need to update the app a lot.,negative
aba6a8a8-2ed9-4770-b329-2d1aec70679f,2024-06-22,5,Good APP everyone should be used,positive
910036d4-9b98-4014-8147-552c228dda10,2024-06-21,5,nice ok,positive
1a2c74e2-e73c-4b90-aaa3-05d9f428a95d,2024-06-19,5,"Today I got my first bike ride on Yaary. I have to say, the interface is probably better than Ola, Uber, Rapido and price far more competitive. Overall a very good experience. I hope even more drivers take up this app.",positive
957e0157-a5b6-4164-8868-c93b58c332bb,2024-06-18,5,Good app,positive
6b1e3627-b337-46b8-b5c7-123e543e8512,2024-06-11,5,Good,positive
ac27678d-e761-4b88-96d6-7282ae647f8d,2024-06-09,5,good drive,positive
17b66e70-bf85-45a4-8366-1ba61e2d7205,2024-06-08,1,Couldn't get auto. Tried many times. It shows lower fare but no available ride. Uninstalling the app. Can't give single star.,negative
d3566ca5-66a0-441f-aabf-b62722fa4973,2024-06-05,5,Bbal App,positive
f4edd272-d741-463c-a17f-a1d75c12b347,2024-06-04,1,Never got a confirmed booking. Terrible service.,negative
35531f85-59ab-4188-bc91-961ab900ee92,2024-06-02,5,good,positive
2f737547-fc03-41d3-a40c-6faf5d53c122,2024-05-30,1,It's been more than 5 days still not received any call from your team,negative
340d6070-5fac-4fa7-9a99-7dbe20f9e1a3,2024-05-29,1,Very disappointed.. THE FARES ARE TOO HIGH,negative
dbecc518-c94e-4408-ba7c-65a97696440e,2024-05-26,1,"Same as other cab service provider no on-time cabs, autos available even in public, picnic places",negative
514fb1aa-80ec-4c55-a246-6901ed522345,2024-05-26,5,ok,positive
05842813-2d7b-4447-a459-5870377b5ffa,2024-05-24,1,My experience is worst and bookings are too delay it doesn't shows the proper location and also when the booking cab it shows the less amount and when we reach the location it is increasing the amount overall my experience is bad.,negative
5146b193-67b9-419a-a84a-3f4072a0ea00,2024-05-22,5,nice,positive
83fde24b-01a5-4652-a712-a22ed9bc69cd,2024-05-19,1,Worst experience ever. I tried to get a driver,negative
ad7370f2-6c1d-40fa-b5e6-62007405ea8d,2024-05-17,1,Estimated Amount showing very heigh than rapido..no use..,negative
7135e7c5-7abb-4238-aca5-2a8ac0375bc6,2024-05-17,1,"The drivers are worst, would drop you in middle of the road. No way to contact the yaary team in such situations. It's an app for the drivers good but not for the customers. Don't care about the customers safety.",negative
1820c412-f4d3-45dc-8bff-74a731255205,2024-05-17,5,🎂 nice ❤️,positive
1e2f9e4e-a8e9-4cc7-a0c2-d44d6ca76e49,2024-05-15,1,This app is not work so I tried 3 to 4 time but its not taking booking please dont install n dont waste,negative
7b82ed20-af8a-47ce-ae8c-5984c09754d3,2024-05-07,1,One of the waste and Worst App. Please don't install,negative
1709c53d-d2ff-4a8f-80c7-8e960d5e47bb,2024-05-05,1,Very bad experiences wating for ride from 1 hour it was an medical emergency,negative
0bf2504d-b5fe-41d3-8218-3a90d20a9b42,2024-05-03,4,Nice Ride,positive
1a2c74e2-e73c-4b90-aaa3-05d9f428a95d,2024-05-02,3,"The App's interface is good, except it seems no driver is using it. I have yet get my first ride on this app! You guys should do some marketing now.",neutral
19a827de-3de5-4534-9ec3-2af04fc1154a,2024-04-30,1,Not getting orders,negative
25ae6abe-904d-492a-9ed9-61cd6b765473,2024-04-26,1,Very inresponcebulity and doesn't accept rides and waiting time minimum 1 hr two 2 hr time are one day then also don't have hope to Accept rides soo aap deserves 1 rating,negative
d1595514-ed2c-45d3-ada6-c0d8e1be9c7e,2024-04-25,1,"I downloaded this app because of the reviews, my personal experience was the worst I can say I've tried booking so many times but this App won't work never a single auto booked from this app. I suggest do not download this app for booking. It's better to book from Uber and Rapido.",negative
0a14d160-8b88-4260-99e4-eef9e9e70907,2024-04-25,3,Price is Rupees 10-20 more for trip compare to uber and ola,neutral
37ad7f85-e7ca-4474-a6c1-442c3e6b4d86,2024-04-23,5,ok,positive
28559329-4f69-4e2a-bd99-ffb85297dd0a,2024-04-23,5,good job,positive
a22f09df-ba93-413d-8fba-617fa03de9c3,2024-04-21,1,"No guarantee that the person will come to pick u 50% of time he will accept the ride while he is on anothrr ride and will confirm yiu that he will come and if finds a better deal offline, he will cancel the ride",negative
955e957e-66de-4189-bc6e-e91fcc775ff3,2024-04-19,5,You,positive
98449c30-7d4a-4301-9de6-e3e201129503,2024-04-18,5,super,positive
30a9bdf8-d42c-423c-a281-19f5c3b70f10,2024-04-17,5,good driver ...thank,positive
9286b519-3e6e-48da-9895-ef63b3220e4f,2024-04-16,5,nice,positive
0d6a35f1-160b-43f6-aa48-cdae450e892d,2024-04-16,5,Awesome 💯 I m satisfied,positive
28e63619-cb19-442d-b19f-1c55f8a60b14,2024-04-15,5,he is very good and one will be happy to travel.,positive
c0c26dad-a7d5-4419-be2b-b875351cace7,2024-04-14,2,take too much time,negative
d3ff3e2c-1291-4044-b730-b619525f2326,2024-04-13,5,good 👍,positive
9e77e956-eaff-474f-baa0-9ab5e35a2dc4,2024-04-13,1,Yesterday I traveled to kuntloor driver srinu ithink was very rude and he was late on pickup point after 15 mnts and rude behaviour soo Iam deleting the app don't want this kind of stupid drivers we are paying for ride and I don't want to face this kind of argumental and rude manner less driversand droped us on wrong point,negative
28fae566-c32b-43c5-b23c-6a6043ddc7d8,2024-04-13,5,Super,positive
086879b9-c35c-4ad9-a9d3-64036b587980,2024-04-13,5,nice,positive
07b6f4c1-e889-4394-a7fa-b77febd63f3a,2024-04-13,1,"Cannot trust them. Made me wait for 15 mins saying I am coming, then cancels the booking.",negative
9a0f215e-fa9d-482c-8e9e-8d42532c7397,2024-04-12,1,This app is using more GST and compare to others online booking for travel it's more different to use .don't use this app better to use other app ola and Uber for short distance this app taking charge of 30 for ride after completing it's increasing and show more after ride is completed,negative
23873e70-4d7e-491f-8855-bba449278052,2024-04-11,5,V.ganesh,positive
d7bb421f-c307-4602-96bf-0747e3b40e75,2024-04-09,1,"Yaary doesn't have any riders anymore. Nobody are accepting rides from couple of weeks. Hence, I am uninstalling the app.",negative
bfae0800-1e44-4c8c-8932-56c182736163,2024-04-08,2,Please give option to select the location without GPS,negative
ead40882-cc1d-4661-8cd0-997c0996ee6e,2024-04-06,1,call me,negative
6eb15198-cf4f-46e5-a1ba-080ff5ad6eae,2024-04-06,1,Weaste app,negative
b9e1f08a-ba53-4f78-8f2c-4a94aca0cda8,2024-04-05,1,While registering I am not receiving OTP. I tried many times. If you don't want us to use your app. Don't advertise and waste our time,negative
8f9705df-d167-4a07-8c98-75bf458c2270,2024-04-04,1,The app is useless the prices are really low but the service isn't good the drivers won't accept the booking,negative
ce81e8e5-ae3a-4a26-afd0-9c17ff6764a8,2024-04-03,3,Yaari app needs to update it's services. Not able to track the location properly. Amounts shown higher than the expected ones.. Rides are safe and drivers are polite.,neutral
a0ecc8c4-f879-4151-95f4-5eade0280e83,2024-04-03,5,super,positive
8befde0b-b625-4d1a-b16a-617925b362b3,2024-04-03,5,Best for immediate rides,positive
56f1bd72-f011-4a59-8d8e-c58fc36187dc,2024-04-03,5,good,positive
92ae089b-f5cc-4333-ba4b-1056366c017b,2024-04-02,1,Na madda kuda padta le trip lu anduku ra idi,negative
37ab05be-3afd-48e8-a193-6ee905370db5,2024-04-02,5,It's very use full and very affordable,positive
ccf72741-67b8-438c-83bb-718a429d5288,2024-03-31,3,Lately experiencing ride requests are not getting accepted. Tried requesting auto and hatchback.,neutral
23e0722a-3975-431d-a258-129dae9c4b79,2024-03-31,1,Bakewas app I installed this app buy it not sending otp several times I tried so I have to un installed it,negative
68d9aa89-dc76-4c30-a29d-b373d93d4f53,2024-03-30,5,good app,positive
48c9307e-53c7-4a85-afea-a4a58bd2076f,2024-03-29,5,Good,positive
16797e3a-54ea-4401-bd0a-a04c4750577e,2024-03-28,1,👉🛺👍,negative
a4db21c0-dd90-466f-ab61-332598dd876d,2024-03-25,1,"Your prices for the rides are way too costly than ola and rapido , and u claim 0 commission, surprised to your see this",negative
3bf7c564-b0b0-47af-a8f9-4afa704601a4,2024-03-24,5,Shukriya Jazak Allah khair,positive
d62f339d-4239-4ee6-8b1e-aa895ef293a6,2024-03-23,1,Waste app waste service don't use,negative
9ba9d3c5-8b18-43a3-808a-71a57de79aea,2024-03-23,5,super,positive
d1ca7035-955b-4dfb-b9b8-537062e1f5c2,2024-03-22,5,nise,positive
1887f578-1100-4924-9521-441b61f5cdec,2024-03-22,2,Rides are showing higher fares as compared to Ola Uber and Rapido that is the reason for less traffic on the app. Yaary rates have to be revised or it will be like it is .,negative
f4e9f77a-0d46-4e0b-bfda-b4745262d914,2024-03-19,5,Nice👍👍👍 app,positive
ee51b0cc-9212-4998-9974-de0712487869,2024-03-18,1,"I daily get notifications to book the ride. I understand, it's a good way of marketing. Price is Okay! However, I never get a chance to experience the ride. I tried many a times to book a ride on yaary and to my surprise I was always disappointed. What is use of sending notifications when you cannot make sure you have drivers available near me??? IT GIVES ME IMMENSE DISSATISFACTION OVER IT. I HAVE NEVER WRITTEN ANY REVIEW ON ANY APPLICATION BUT I GOT EXHAUSTED TODAY WITH THE NOTIFICATION !",negative
4a5a5bf3-33a8-49f0-9c26-c5bf7d5c9ee3,2024-03-18,5,good,positive
81558b75-aac1-41f7-ae6e-c1eb7c94648c,2024-03-13,5,"Thank you very very much yaary app team for giving bike taxi option, i really appreciate❤😊",positive
1c69f214-55f4-432a-bf43-d2cc7d76cf23,2024-03-12,5,Good,positive
8e72dbd5-78b4-4a46-aa8f-72f01815feea,2024-03-09,5,Goudu,positive
6f0a276e-fa0c-4d71-a3ed-f665743c4fc4,2024-03-07,5,Comportable ride and normal charges,positive
03ac7eb0-a66f-4766-8e94-7638ccab3c45,2024-03-07,5,Best app to save money,positive
1a4a9f24-97c7-464b-ba47-060e7973092f,2024-03-05,5,Good,positive
160739ac-d446-42f0-aa45-1f7177ddd96c,2024-03-02,5,Better app to take ride...💫,positive
c5221ff6-4688-4ca7-9ac7-7b19db8f0eec,2024-03-01,5,safe ride and this is very useful app,positive
2156badf-2b53-44e6-a1d4-364989bf8d78,2024-03-01,1,booking time Rs100 pay time Rs120,negative
c4c78693-2856-418d-8256-054a652cab89,2024-02-29,5,"Liked the booking experience and price Interestingly, a driver told me Rapido changed their model to zero commission after seeing Yaary only.",positive
20f32e4c-1959-462f-9469-b7d66e8645f6,2024-02-29,5,Rapido in the evening literally forces you to pay tips to the drivers.. I liked the no tip experience here.,positive
1e365adc-4997-4dc8-8012-ecf44d4b51bf,2024-02-29,5,Driver did not ask for extra money despite the price being lower than uber and rapido,positive
17451b23-17c9-4f51-8529-b03bd5837884,2024-02-29,1,Time waste aap,negative
d4325e28-accf-4d4e-9ad8-642f1e96efa0,2024-02-28,5,"Loved how they have kept things simple. In other apps, always get confused between vehicle number and OTP. Like the clear distinction here. Stoner friendly.",positive
7ac74bf3-4370-4551-b3b6-2e05922338ad,2024-02-28,5,Installed the app after aiver recommended it as their o Liking it Price is cheap most of themes and didn't face too many canc ations also. Hope the continue as it is now.,positive
28f7a918-6760-43af-9de4-e02a65e31c7c,2024-02-27,3,In this app iam not able to see real picture and details of the driver like experience or something. The picture was cartoon one. I want to know About the customer care service also as it is a new app.,neutral
1fdf6e99-8506-46d1-8187-7578b97903d4,2024-02-27,5,One of the best features I love about this app is receiving the OTP over notification. Saves me time and hassle - no need to open the app every time.,positive
c7f7a84f-515f-44b6-b5f5-3c65bc5b3897,2024-02-25,1,Bad experience,negative
abb2dd01-cba6-4458-af37-011fde9b0ce8,2024-02-25,5,Affordable rides without surge pricing. It's a welcome change from the unpredictable fare hikes on other platforms.,positive
fe5aa9e2-f460-4326-9720-1d2aa93b9d64,2024-02-24,5,"Fares here are a steal. No surge pricing means I can budget my rides without worrying about unexpected costs.""",positive
fd05817d-9bbd-4643-abc8-bab640a9498a,2024-02-24,5,Fare savings and a better experience led me to switch from Rapido. Yaary is my new go-to for rides.,positive
e411c112-b00d-4d72-9ec7-47af29dc3a94,2024-02-24,5,"No hidden charges, and the drivers are honest. A refreshing change from the experiences I've had with other ride-hailing apps.",positive
bbf89e44-7129-44e2-85b8-4b2d163ab408,2024-02-24,5,"Quick booking and allocation mean I can rely on this app for my last-minute travel plans. A real time-saver!""",positive
7806463f-27e5-4483-a9ec-e78dea858d64,2024-02-24,5,Rapido who? After trying Yaary I've not only saved money but also experienced a level of service that's hard to match.,positive
58f616f2-d284-43be-a5f8-b6bff0dc0c2c,2024-02-24,5,"Rapido who? After trying Yaary, I've not only saved money but also experienced a level of service that's hard to match.",positive
223669a4-122d-4c99-90b1-8d18177486f3,2024-02-24,5,"""Quick booking and allocation mean I can rely on this app for my last-minute travel plans. A real time-saver!""",positive
c08a1069-d26f-438d-880b-b5bd652de6fa,2024-02-23,5,"""Fair and transparent pricing, without any attempts to squeeze extra money from passengers. A trustworthy platform.""",positive
76a2289d-79a5-47e7-89e5-089cfd6ebe89,2024-02-23,1,unprofessional auto drivers. they take booking and cancel it. waste of time.,negative
371160ef-3c13-4440-95d1-da44ba5e207e,2024-02-23,5,"Quick booking and ride allocation.nice experience,,",positive
229d1d68-34a2-4f98-9072-f427f992e675,2024-02-23,5,"""No mandatory tips during peak times is a refreshing change. Feels good to have the choice to tip if I want to.""",positive
f226fb16-e7c0-45f7-9c0a-5201fc15ec49,2024-02-22,5,"Booking a ride is a cakewalk. The simplicity of the app sets it apart from the clutter of complicated interfaces.""",positive
99ef6ab9-d15c-42d4-b91e-82e9f33d6ce6,2024-02-22,5,"""Transparent pricing is a major plus. No hidden costs, no surprises. What you see is what you pay.""",positive
8db1b765-56a5-4c6c-b415-ef77c18f7cbe,2024-02-22,5,"Fare savings and a better experience led me to switch from Rapido. Yaary is my new go-to for rides.""",positive
7e2639a1-3685-443b-9db6-98bb2e8c82fa,2024-02-22,5,Good service,positive
7d9ce0c0-cc94-45d7-9c83-d4ee2d906762,2024-02-22,5,Nice app,positive
7d3a4639-f072-4333-9697-63d5a6bf52b3,2024-02-22,5,Liked the OTP through notification. Don't have to open the app for checking the otp. The driver tracking can be improved.,positive
49a85378-1407-49a5-914b-8fafa4bbead4,2024-02-22,5,Used the app for the first time. Smooth experience. Hope the app stays the way as it is now,positive
2feb0da2-d4db-4fa7-b830-12d73a7add67,2024-02-22,1,Yaary hyd ek ka market mein koi response nahin hai ek pickup bhi nahin mil raha,negative
21a87ff2-4621-407e-951f-c153263ce348,2024-02-22,5,"Polite drivers make the ride more pleasant. It's good to see such professionalism on the platform.""",positive
1a01f2ef-c7c9-481e-8142-be27e2048c83,2024-02-22,5,Yaary's quirky notifications always bring a smile to my face.,positive
09fb7899-9371-416e-82c0-1dfea5387892,2024-02-22,5,"""Affordable fares without surge pricing make Yaary a reliable choice for budget-conscious riders. No more overpriced rides.""",positive
023810ed-bf1d-4316-a17c-03a767135088,2024-02-22,5,Very nice app,positive
fcd52de3-f267-4f17-ba60-3b08239f8f42,2024-02-21,5,The drivers on Yaary are professional and courteous.,positive
f5179cc2-fd9e-48f0-aa2e-fc04257b9f90,2024-02-21,5,. I liked that their prices are same at evening time also. Uber was showing me twice the price of Yaary,positive
f40a64b3-810f-455c-9bf7-a9eccaa68a1b,2024-02-21,5,No surge price in the evening. I like that.,positive
ef0628e1-bd00-4fb4-94e0-4ed0995785bc,2024-02-21,5,The Yaary driver told me to review the app without fail and I liked the passion with which he asked. Looks like they are owning it up as their own.,positive
aed6c4ef-7c2e-4190-bc87-657038414652,2024-02-21,5,"Yaary seems to have disrupted the market in Hyderabad. No surge pricing. cheaper fares, and drivers who don't hassle for extra money.",positive
8b82b1e5-f38b-452d-8319-b77e755a9ec3,2024-02-21,5,Loved booking auot in the app. They should also do bike taxis.,positive
78056fa6-d612-4e95-aa26-d91f8f32f427,2024-02-21,5,It feels like the drivers treat this platform as their own business. Sometimes its surprising to see their politeness.,positive
706335b6-169c-4d7c-99c1-7bf7d403af92,2024-02-21,5,"My friend works as a developer for Yaary, and I must say they've done a commendable job with the app.",positive
6fff162f-b035-4834-9861-d9b84b0ae795,2024-02-21,5,The drivers were really courteous and polite,positive
63154862-01c0-4a4f-befb-136a4b88b7ac,2024-02-21,4,SYEDFAZAL,positive
56bf9997-d113-4777-8c56-9ac67faf3a6b,2024-02-21,5,It feels like the drivers treat this platform as their own business. Sometimes its surprising to see their politeness,positive
48967a5d-a4cb-411d-a0c1-9483a529e687,2024-02-21,5,Love their notifications. Someone seems in love with Biryani a lot in Yaary team :),positive
36302eda-5a90-4f52-ac90-4e657d91c94c,2024-02-21,1,Worst app Not working,negative
04410a9e-9cec-4c0d-a07d-a3f7e2d00931,2024-02-21,5,"Fares are indeed cheaper compared to other apps. The drivers are also courteous and don't demand extra money. However, introducing airport pickup points for cabs would be beneficial.",positive
d7896102-0630-4824-95d5-e3d83a8bdfea,2024-02-20,5,The booking was super fast. Not sure if I was in a area with many autos. App loading time was also very quick.,positive
8bdd0f56-d1e9-40ee-bedb-c806466dc727,2024-02-20,1,Tried booking for the first time and found that the rate is 45 percent more than the price shown in popular cab booking app! which I was using.,negative
7f4bbe97-be38-4e0c-a084-a30add42a664,2024-02-20,5,Nice app. I love how they always seem to talk about biryani in their notifications. True Hyderabadis in spirit I guess.,positive
7b5efad3-8175-4b1f-9fb4-96a1b51ff3c3,2024-02-20,5,My drivers asked me to cancel the Rapido ride I booked and asked me to book through Yaary. It was 15 rupees cheaper also.,positive
73ea4bc4-6986-483f-a340-6363ba7f5c00,2024-02-20,5,Liked the OTP through notification. Don't have to open the app for checking the otp. The driver tracking can be improved.,positive
629bc014-09a2-4921-af5d-f71d26a09d0c,2024-02-20,1,Only cancellations. Unreliable than Uber and ola,negative
59d8573d-b9c9-4aeb-ba3c-01a11536dc6a,2024-02-20,5,"Love the fact that there's no surge pricing on this app, even during peak hours.",positive
53a10a7d-41f1-4ba3-99cc-d14baaa427cb,2024-02-20,5,"Yaary seems to have disrupted the market in Hyderabad. No surge pricing, cheaper fares, and drivers who don't hassle for extra money.",positive
0628446b-4981-4ad8-9d63-73645d4e5892,2024-02-20,5,For Being Hyderabad App 5Star,positive
eb766401-8402-4028-8411-dba25a4aaf3f,2024-02-19,5,Good,positive
6250d715-21ce-4efe-aaa8-752eb6f95eb1,2024-02-19,5,"""Feels like the drivers really own this platform. Their commitment and service make it stand out. Kudos to the drivers for making it a great experience.""",positive
613b90d0-8a4b-4d86-84a9-e86595b37198,2024-02-19,5,"Drivers here don't push for extra money, creating a trustworthy environment for passengers. Appreciate the honesty.""",positive
07131239-5d5c-44f8-a3bf-d03f26b20416,2024-02-19,5,"One of the best features I love about this app is receiving the OTP over notification. Saves me time and hassle - no need to open the app every time.""",positive
dbc641fc-071a-45a5-b544-6e98bc068222,2024-02-18,5,"Switched from Rapido because of the cost savings. Yaary offers not just affordability but also a better overall experience.""",positive
cddabbf8-29a1-4c0b-82ca-f8eb77d463dc,2024-02-18,5,"No mandatory tips during peak times is a refreshing change. Feels good to have the choice to tip if I want to.""",positive
c6b1adff-9886-47b0-a276-44f6f9cf9653,2024-02-18,5,"Tried Uber during peak hours, and the fare was double what I paid on Yaary for the same distance. No surge pricing here - a win for my wallet!""",positive
bf655a92-b601-4649-af7e-64c45e79138d,2024-02-18,5,"""No pressure to tip extra during busy hours. Appreciate the flexibility and respect for the passengers' choices.""",positive
a8e7160b-f069-490c-a2cc-c6563fd7469a,2024-02-18,5,"Smooth booking experience every time. No glitches, no errors. Just a straightforward process that makes my life simpler.",positive
a75b3b72-c6bc-4889-a02f-3e732de6eef9,2024-02-18,5,Booking a ride is a cakewalk. The simplicity of the app sets it apart from the clutter of complicated interfaces.,positive
7d9ce0c0-cc94-45d7-9c83-d4ee2d906762,2024-02-18,5,Nice,positive
69de80b4-9528-4ef5-a4d3-05bb8b1c61fb,2024-02-18,5,"""Transparent pricing is a game-changer. No surprise charges, no haggling with the driver. Just fair and straightforward fares.",positive
5d679e5f-f796-4b3d-8125-48283152503c,2024-02-18,5,Good,positive
291e5075-b623-41a5-b308-ecd434b1aa8e,2024-02-18,5,"Drivers here seem to take pride in their work, making the whole experience more enjoyable. Great job!",positive
b93fac2a-0627-4d81-90f7-cf1b2c31da66,2024-02-17,2,There's no driver available taking tooo much time to confirm,negative
881cf2ab-525e-4565-a9e1-8f2516701994,2024-02-17,5,"The driver I had today was not just a driver but a courteous companion for the journey. Great service!""",positive
7991b4ec-6711-49d3-b34d-7b5f5ae8e1d4,2024-02-17,5,The feeling that drivers genuinely care about the service is evident. It's like having a friend driving you around.,positive
75ca5923-a285-49e9-8855-9c2a5026b4c9,2024-02-17,5,good,positive
6ff30e1b-adce-41a8-a958-28126108ec33,2024-02-17,5,Good,positive
5418adfb-0b11-4085-b482-bb35c06828dc,2024-02-17,5,"During peak hours, the fares remain reasonable. No need to break the bank just because it's rush hour.",positive
3f5509d0-251a-4dd2-a738-5b76882e82d8,2024-02-17,5,No pressure to tip extra during busy hours. Appreciate the flexibility and respect for the passengers' choices.,positive
18afbe31-bee1-40c1-95ec-69077c901e4e,2024-02-17,5,"Getting an OTP over notification is a small detail, but it makes a big difference. Love the convenience it adds to the entire booking process.",positive
159d3bd8-9578-4add-869c-bc90c1b731f8,2024-02-17,5,"""Fair and transparent pricing, without any attempts to squeeze extra money from passengers. A trustworthy platform.",positive
143f6e11-0cfd-42f8-90ad-b6c6fa2cc3c9,2024-02-17,5,Very good,positive
f038179e-2853-44f9-8793-7eae14509622,2024-02-16,5,"The feeling that drivers genuinely care about the service is evident. It's like having a friend driving you around.""",positive
ea0dc528-7b46-4c62-bf49-20ad95ebb794,2024-02-16,5,Good app,positive
dc0f3c4e-a8c8-498f-b576-9adef3fb89de,2024-02-16,5,"""Getting an OTP notification is a simple yet brilliant feature. Shows that the app cares about user experience.""",positive
b1851489-afda-4a19-bdf6-530a79c08caf,2024-02-16,5,Ride experience Very good 👍,positive
772d56d0-2fa5-418c-b641-68f74dcdf40d,2024-02-16,5,Kudos to the driver for being polite and professional. It's these small gestures that make the ride memorable.,positive
73c3b3a7-9c7c-4b49-afb9-df5087b79398,2024-02-16,5,😍😍😍😍,positive
7356e769-adf8-4a27-a401-764bddf3d5fc,2024-02-16,5,Very nice 👍,positive
58d39af4-d78c-4d6b-bdf3-787f3c9edf72,2024-02-16,5,"Used to pay double during peak hours with Uber Now, with Yaary, I save money without compromising on service quality.",positive
5184a424-7079-40ea-b891-a852b9af66e7,2024-02-16,5,"Drivers here seem to take pride in their work, making the whole experience more enjoyable. Great job!",positive
5127ea22-d224-4512-9672-89cd5ec1df02,2024-02-16,5,Getting an OTP over notification is a small detail but a big convenience. Shows that the app values users' time.,positive
4e942b47-7ed0-4d7b-b3c0-a4c1f25dfa3d,2024-02-16,1,"Autos will charge more than the estimated amount after the ride got completed. It's better go for ola, uber or rapido. Yaary app is worst",negative
30f0ec47-8d91-4cd9-8534-79afe071ed43,2024-02-16,5,Affordable fares without surge pricing make Yaary a reliable choice for budget-conscious riders. No more overpriced rides.,positive
26b1af1c-56ef-40f2-8274-2eaaa0db14ec,2024-02-16,5,Good service,positive
20dab767-a585-41cf-9506-77045da7047b,2024-02-16,5,Fares here are a steal. No surge pricing means I can budget my rides without worrying about unexpected costs.,positive
00d4af9d-f546-4fb0-acff-609413a29515,2024-02-16,5,"Fair and transparent pricing, without any attempts to squeeze extra money from passengers. A trustworthy platform.",positive
c49b0a32-ae88-4421-800c-4e149a657d95,2024-02-15,5,"Drivers here don't push for extra money, creating a trustworthy environment for passengers. Appreciate the honesty.",positive
ae6db88a-c954-4de6-b018-87f0cf63b1cc,2024-02-15,5,Good 👍 working aap And fast service,positive
a70b81c6-14b6-440e-8fb2-be5e6841f506,2024-02-15,5,"Drivers here seem to take pride in their work, making the whole experience more enjoyable. Great job!"" F",positive
a67338dc-aaa5-4357-a535-c972241276c6,2024-02-15,5,"Switched from Rapido to Yaary, and I don't regret it. Cheaper fares and a more reliable service - what's not to love?""",positive
9c6f54c5-0b9a-402b-aba3-7f822e65c726,2024-02-15,5,"""Quick response and ride allocation, making it my preferred choice for impromptu plans. Reliable and efficient.",positive
9869af5d-e311-4743-80c1-f666725fab47,2024-02-15,5,Fare savings and a better experience led me to switch from Rapido. Yaary is my new go-to for rides.,positive
6ec23444-d6b6-4c45-909c-699b83ff0d53,2024-02-15,5,"Had a ride today, and the driver was really polite. Made the journey more enjoyable. Great to see such respectful drivers on the platform.",positive
662a94b8-5498-4e2b-bb75-862e48c29e06,2024-02-15,5,"""A friend suggested I switch to Yaary, and I'm glad I did. Cancelled my Rapido booking and installed this app - saved some bucks on the fare too!""",positive
64f6c0d3-2e72-45fd-8773-d910bba5b28a,2024-02-15,5,"Just booked a ride on this app, and I was pleasantly surprised by how quickly I got a cab. No waiting around - just quick and efficient service.""",positive
5a25b4e6-6643-4eb0-99f1-ca7efc316b73,2024-02-15,5,Received an OTP without having to open the app. Such attention to user convenience is what makes Yaary my go-to choice.,positive
586b0aaa-9aaf-496f-af9f-f43f2ae2b531,2024-02-15,5,Unlike other apps l didn t have any driver asking for extra money transparent and fait pricing that s what l appreciate,positive
3b1660f3-70a7-43d4-ad34-293bcfaad18f,2024-02-15,5,"Unlike other apps, I didn't have any driver asking for extra money. Transparent and fair pricing - that's what I appreciate!""",positive
300bf24f-8f35-43b9-b568-365dad782ff3,2024-02-15,5,"""No hidden charges, and the drivers are honest. A refreshing change from the experiences I've had with other ride-hailing apps.""",positive
2f324034-4aba-4485-b74c-6f40ae5390b0,2024-02-15,5,"Transparent pricing is a game-changer. No surprise charges, no haggling with the driver. Just fair and straightforward fares.",positive
25f464e2-d019-47cb-aa45-45674dc20a7b,2024-02-15,5,"Used to pay double during peak hours with Uber. Now, with Yaary, I save money without compromising on service quality.",positive
24f3e69a-1409-4161-82bf-515e284af957,2024-02-15,5,"Drivers on this app seem more responsible. No instances of asking for extra money, which is a relief compared to other services.",positive
17fe7cbb-be57-4f5d-884a-cacaa9dff35d,2024-02-15,5,Excellent,positive
0ad13643-c719-4680-8813-692ca6223386,2024-02-15,5,"Quick and easy booking process. No fuss, just a few taps, and you're good to go. Makes my daily commute hassle-free.",positive
e58e3246-4e36-4465-ba36-add77e3d7fbd,2024-02-14,5,Very nice 👌 👍,positive
de921f25-87ce-4be3-8a43-b52840e58b54,2024-02-14,3,I tried twice in vain to book an auto. It's taking time...but no use/no result,neutral
d9bdceaf-2e58-4f7c-93e8-33cbe26d9450,2024-02-14,1,The app is not responding.. As well as there's an issue in this app when I booked the auto I said to the driver to reach the location soon he came nd he was too rude with us He was operating the auto in a dangerous manner that disregards the safety of others in the road Nd on the way he fought with the other random people I am disappointed with this app,negative
c42a5275-65d1-47bc-9a65-a8d2081a08fb,2024-02-14,5,Good,positive
c33fb2ab-8b8c-41ad-9888-0e8343dc21cf,2024-02-14,5,Very nice 👍🏻,positive
8ffc8e6b-af8e-4004-bd99-af7061c1c13a,2024-02-14,1,Extremely expensive. Almost 30-35 per km. One sided app. Only in favor of Auto Drivers and they hardly accept booking,negative
8870dc59-f907-4f81-9ba6-660765e4f57e,2024-02-14,5,Very nice ☺️,positive
85b4854f-2c82-4af6-8d68-7990eaf54161,2024-02-14,5,Nice app service,positive
2807cf8f-100c-49ae-b49c-d0b9ea94189a,2024-02-14,5,Very good,positive
26b1af1c-56ef-40f2-8274-2eaaa0db14ec,2024-02-14,5,Good,positive
05da985d-4269-4668-ad8d-31f47d51977b,2024-02-14,1,"My fare increased after ride, customer support did not give any reply.",negative
a9dd6a70-6c48-461d-87c9-9002ea05d1f4,2024-02-13,1,"This app is a disappointment. It's very bad, charging extra fees beyond the estimated price. Moreover, the customer service is painfully slow, making problem resolution a frustrating experience. Overall, I do not recommend this app.",negative
6dc537b1-a2b1-4db8-a29d-5157730a5236,2024-02-13,5,"Very good,but some times ,not getting in time recruit more autos",positive
3f7f9797-76a7-4508-a453-1393bda3397d,2024-02-13,1,stupid app will never recommend it anyone,negative
1cd2bb82-0bd6-424f-9fa4-a9b88cc891d2,2024-02-13,1,I don't like this app because they'll charge extra after ride completed don't believe this app guys 👎,negative
71c8bc4e-53ff-41ed-a2b7-c35ab6bdaaf4,2024-02-12,5,Good,positive
6004158d-d684-4846-9127-1e06dbb2b5d7,2024-02-12,5,Good,positive
4d1d28d1-0c18-4e5b-8d5c-5da8089b33d2,2024-02-12,5,Good,positive
282836c2-aab4-4e21-bc83-120e29848124,2024-02-12,5,Could not download properly,positive
03139d88-e822-4ec6-9665-39974ca9216e,2024-02-12,5,good,positive
dc5c6453-03f9-4e2a-af06-db4d5d15fa66,2024-02-11,1,This app is very bad because when I download first time the app is many times it is telling try again,negative
bc8439f0-27a2-4766-a551-0bc4e28e3ea7,2024-02-11,1,"Seeing the reviews I agree with most of them, I booked for a ride and the drivers kept accepting and then cancelling like 5 times and I had to book a ride from another app. Not recommended.",negative
e1e18468-30aa-431a-9c37-d6374201fe9b,2024-02-10,5,good application,positive
dd7ce1c3-bb56-4f7a-9db8-e42443bba8c1,2024-02-10,5,Good,positive
91af26c2-5cbb-487d-973e-ab43c5ef687b,2024-02-10,1,WOREST APP IN HYDERABAD,negative
507def87-5a74-4339-bb9b-9a3a6ec46993,2024-02-10,3,Please do not force to turn on GPS signal. Try asking 2-3 times post which let users manually enter pickup and drop locations. Turning ON GPS drains away battery and all other apps like Ola/Uber/Rapido do not force users to turn on GPS to book a ride. Hence please implement the same.,neutral
0be9a32a-5a7a-4f91-b5c1-a956e7098ff1,2024-02-10,5,good,positive
9548294e-b983-469c-a311-723d71cd05ed,2024-02-09,5,Nice,positive
81558b75-aac1-41f7-ae6e-c1eb7c94648c,2024-02-09,1,Where is bike taxi option bro..?,negative
7d3a4639-f072-4333-9697-63d5a6bf52b3,2024-02-09,5,Very nice 👍,positive
09ffa863-1b05-4f70-a77a-543c5a72a241,2024-02-09,5,Very good 👍,positive
ea0dc528-7b46-4c62-bf49-20ad95ebb794,2024-02-08,5,Good,positive
c43194bd-f9c2-40fb-8fca-a6adbd78731d,2024-02-08,5,Good,positive
c383d3e5-819e-4319-b689-e8f305f38117,2024-02-08,5,Very nice,positive
8272f380-fffb-4f6f-9b75-22a41197cbec,2024-02-08,5,Good,positive
729c470c-9d2c-4003-bca0-cba89a477eeb,2024-02-08,5,Good,positive
18e6b91d-c0f2-47a0-8193-27efd0bac27d,2024-02-08,5,Good,positive
1131227e-12da-42e0-a4b0-ccfea2468221,2024-02-08,5,Good,positive
f9d8d3c5-f7ed-411c-97fe-ee2940e71911,2024-02-07,1,"Hello Compare to other Apps price 30% High, thanks",negative
d4b8b716-556e-4017-86d9-545cda22915c,2024-02-07,5,Good,positive
adcf8005-f95d-4024-8d6c-3019982c233b,2024-02-07,5,Good,positive
ab6583c0-3455-41fd-8608-d52bc96556ff,2024-02-07,5,Good app,positive
94ebbcf5-0b25-4ae8-bbb3-57cdb936a531,2024-02-07,5,Service is best Very nice app,positive
60018aee-7948-4f0e-9738-2c4e81aeebee,2024-02-07,5,Good,positive
54fde6d9-0e61-4f7e-8622-0a7023e3bc6c,2024-02-07,5,Good,positive
245822f2-af5a-45fd-af48-281d5de2598f,2024-02-07,5,Very good,positive
1ddc1efb-9b11-4414-ad4a-0df69abf31eb,2024-02-07,5,Good,positive
f52bbbc7-5fa7-428b-97d9-90ad3f2b3fb9,2024-02-06,5,Good,positive
e7fcacff-6963-4ccd-a152-012f67eabff2,2024-02-06,1,Application was ok But at the end of the journey it displayed me 25% more fare than initial,negative
e6ab411b-033a-4c24-b492-309b62056cff,2024-02-06,5,Service Khup Chan ahe👌,positive
21562805-7faa-440f-9603-b30d02af871a,2024-02-06,5,Very good,positive
1d83ea73-f1c3-4b09-9194-8ddad3c369f4,2024-02-06,5,सर्विस nice,positive
fd03e814-47d7-4807-8805-7fd055fd1b7d,2024-02-05,5,Very good,positive
fcc3fcda-4a6f-40ad-9fbe-32b769605b4d,2024-02-05,5,Good app,positive
f94a85c5-7d21-413b-868a-11c1bf757e0c,2024-02-05,5,Good,positive
e9b9da77-198c-46fb-87ae-e430a5852c5d,2024-02-05,5,Very good,positive
cd20c768-5d4d-456b-b9c3-0e12cf151068,2024-02-05,5,Nice app,positive
9ebde44e-8815-476e-bdba-72cb215cdb8e,2024-02-05,5,Very good 😊,positive
88407faf-3dcc-4cf9-b417-6fd8d7f04541,2024-02-05,5,Good app,positive
4c9f4d09-402a-46ab-93ea-80309f3cebab,2024-02-05,4,Bro I am finding so many bugs on booking,positive
2004069d-b3fb-4f83-b836-5033ac4eeec9,2024-02-05,1,"I'm waited more than 1hr, and also it was not booked any cab.",negative
bdaa6f34-410f-400f-a6bb-9f65b6318f9a,2024-02-04,5,Good,positive
706dadb2-35b7-4f32-a677-339f3c74f0cb,2024-02-04,5,Good,positive
41595573-b436-407e-b2ce-b59f0dbe9031,2024-02-04,5,Good price,positive
3035ee29-fd44-4365-b5a5-24e48db279eb,2024-02-04,1,Uninstalling,negative
fad38362-f9a6-4ee9-b715-42a63467f3b9,2024-02-03,5,Very nice 👍,positive
daae91d2-060a-460f-a8ae-2df80e0c9077,2024-02-03,5,Service is very good,positive
c72a64ff-1045-46f2-af87-288781a1440b,2024-02-03,5,Good,positive
c33fb2ab-8b8c-41ad-9888-0e8343dc21cf,2024-02-03,5,Good,positive
9deeffe1-f85e-4ee5-b44d-7fd2756f64ed,2024-02-03,5,गूद्,positive
56aef805-608c-40d5-993f-2ebeb727b153,2024-02-03,5,Good,positive
4b58c6aa-a31c-430c-b1a7-82c329e615f5,2024-02-03,5,Nice,positive
2b5715d3-036c-42ee-98b0-52aecd783a87,2024-02-03,5,Khup Chan 👍👌,positive
923ee6ed-ff03-41c6-877b-1b123075291a,2024-02-02,5,Very nice app 👍 Best Service,positive
4e23eedd-a2f6-4d3d-aafb-0b486a2d4d23,2024-02-02,5,Very good 😊👍,positive
ec9319ed-f9cb-42c1-ae06-259bf16b9175,2024-02-01,5,Best Service,positive
e58685ff-99fd-4a64-93a3-cfb0994f5e88,2024-02-01,5,Super 👌,positive
d5ceb05c-1df6-4ee2-9ae2-4638770d08ec,2024-02-01,5,Very nice 👍🙂,positive
08e7cd51-a4f8-4431-92a1-fee275c70ec0,2024-02-01,5,Very nice 👍,positive
fcc3fcda-4a6f-40ad-9fbe-32b769605b4d,2024-01-31,5,Good app,positive
f3cc5506-d51f-42a1-aa51-a2486a6d7d09,2024-01-31,5,गुड,positive
e0a67837-b41c-40e1-aa4f-8e543cddd5cd,2024-01-31,5,Zero commission,positive
d980a039-e801-4919-9050-58c90a580833,2024-01-31,5,Acha app hai,positive
b9a738b8-ef7b-43ed-8215-ae7c8d2ece11,2024-01-31,5,Very nice 👍,positive
b3b66e2c-45df-44bd-afeb-53fa87afe11c,2024-01-31,5,Good,positive
a8676295-999c-413b-9930-27326d4acdd3,2024-01-31,5,Good,positive
95d2b1f6-64b3-4bae-85d7-6971d71c5672,2024-01-31,5,Good,positive
91f639ea-1384-4661-a9a2-22da94a75ca3,2024-01-31,5,Very good app,positive
85b4854f-2c82-4af6-8d68-7990eaf54161,2024-01-31,5,Nice app,positive
2131aa2a-69ae-40d9-b959-432e8b5a3110,2024-01-31,5,Very nice ☺️,positive
e75bfa73-bc34-44ff-b9e2-30786fe8bf3a,2024-01-30,5,Very good 👍,positive
ded04672-d490-48b4-b27a-931fc817510f,2024-01-30,4,Bike also included in the app is good for bikers and commuters Ola uber rapido is eating too much from drivers. Let them teach lesson I am also a bike driver Always thinking before starting which aap I will drive but hearting more than expected.majboori hai kya karsakte.,positive
c8a154ff-e955-456a-83a3-45a7d474dfc5,2024-01-30,5,Very good👍,positive
c2656abb-665b-42d8-a252-5601659fb667,2024-01-30,5,Good,positive
ad4a4766-60ea-4962-825e-405d2e303408,2024-01-30,5,Khup Chan app ahe,positive
ab6583c0-3455-41fd-8608-d52bc96556ff,2024-01-30,5,Good,positive
8870dc59-f907-4f81-9ba6-660765e4f57e,2024-01-30,5,Very nice ☺️,positive
85bcf901-a751-4c96-897f-d9f19475e9a8,2024-01-30,5,Good,positive
81019d13-42dd-41f7-bce3-a713d8e90fb0,2024-01-30,5,Very nice 👍,positive
7d9ce0c0-cc94-45d7-9c83-d4ee2d906762,2024-01-30,5,Good,positive
702f46c4-260d-4550-9c07-96fcace70d9a,2024-01-30,5,Very nice 🙂,positive
2e1c9cfa-35c3-41f3-ba1b-5a52ccbe42da,2024-01-30,5,Very good 😊,positive
fcc3fcda-4a6f-40ad-9fbe-32b769605b4d,2024-01-29,5,Good,positive
b66ea07f-fe6b-4029-acb4-1d8872a551f7,2024-01-29,5,Good,positive
9e3a07a2-ee25-42ec-8c5e-5ebaa9ade0b0,2024-01-29,5,very good 👍😊,positive
7ff767e9-392e-46f6-9592-cd8538f9183b,2024-01-29,5,Very Nice 🙂,positive
4e2777b5-e698-4402-8d62-d7f7eb627ed9,2024-01-29,5,Nice,positive
4849481e-1f57-4fdd-b766-cc3425a878b9,2024-01-29,5,Too Good 👍,positive
40a4d27d-da4a-4d50-8668-694273731390,2024-01-29,1,"I downloaded the app from the play store, but I was very disappointed with its performance. The app is not working properly at all. Every time I open the app, it keeps loading to get my current location, even though I have turned on the location GPS. This is very frustrating and annoying. I think the app developers should fix this bug as soon as possible, or else I will uninstall the app and give it a one-star rating",negative
407e421e-81d9-419d-b443-137ffe988ff9,2024-01-29,5,Very nice,positive
3ba90707-7d54-4e9c-85ff-5729e75a22fa,2024-01-29,5,एक्सेलेंट.,positive
11366b18-e210-4e9e-94a7-31a40292a6ce,2024-01-29,5,Very nice 👍,positive
e4b868c1-8457-4957-81eb-dc4db22c4fa0,2024-01-28,5,Good app,positive
dedb2bf9-42e4-443a-993b-974cb4874439,2024-01-28,5,Thank you so much Yaary,positive
b5b14d95-df35-4e84-8ba8-9ed377e6a184,2024-01-28,5,Acha app hai,positive
ad1404bd-b5aa-4758-9288-afe7fde5380e,2024-01-28,5,Good service ☺️👍,positive
99fa18a3-ad50-4fda-a3c0-977302acbcfa,2024-01-28,5,👍,positive
257dcef3-e4c1-4d3f-801d-29a7c39c12e2,2024-01-28,5,Good,positive
1be6664e-670d-404b-8519-631984360caf,2024-01-28,5,Good,positive
ed6a2c05-dc99-47b9-b952-9e39fa990476,2024-01-27,5,खुप छान👌,positive
eb993808-8502-4282-a15e-113a11500d41,2024-01-27,1,"Profit only for drivers, loss for the customer waste app",negative
e52929ae-d2a8-4835-a18d-d075407c0fd3,2024-01-27,5,Very good 👍😊,positive
c826acf7-272a-4d3a-9b5b-507ab9131a63,2024-01-27,5,Very good,positive
99b3e99d-3f0c-446d-ab8c-71f0e4ab8138,2024-01-27,5,Very nice 👌,positive
96b6b79e-7068-4e74-bfd6-f0fce5204bcb,2024-01-27,5,Good,positive
94d9cc35-daf5-407c-8c74-2e5f90b43189,2024-01-27,5,👍😊,positive
6bb52a12-1eb0-482f-a981-ee7bd2fb770c,2024-01-27,5,good service,positive
6135f758-3042-44f5-88f3-26aa667da31f,2024-01-27,5,Highly recommend this app. Service is best 👌,positive
3a5b784a-f0de-48c5-a2ab-fc01ca6d16b1,2024-01-27,5,Good app,positive
612a4111-61f6-42e9-a598-b64c83fb78dd,2024-01-26,5,Good,positive
4643825e-9eda-4962-b418-7241db0f6097,2024-01-26,5,Nice good,positive
399f2927-06de-4f56-ad0d-2e64f3e0b289,2024-01-26,5,Nice app,positive
ac5fb257-06ee-4176-80f1-27cf5746e4c5,2024-01-25,5,Good understanding,positive
a7790a84-2aad-4389-abcf-0d41c20a37e4,2024-01-25,2,Keeps canceling rides automatically due to a technical glitch,negative
92c91967-9ab8-4012-9da4-558e725cd5dd,2024-01-25,5,Good service,positive
72de073d-42de-4fbb-a32a-8823442ce6e5,2024-01-25,1,Prices are high compared to ola and Uber,negative
6b369e7e-c300-4d8a-b16d-021d3676813a,2024-01-25,5,The app is easy to understand 👌,positive
20361eb0-dc59-4130-a4da-6606e1d818e8,2024-01-25,5,Nice,positive
1a06a5fa-0550-4690-ba8d-8bd55ec0c6d1,2024-01-25,5,Good,positive
e4b868c1-8457-4957-81eb-dc4db22c4fa0,2024-01-24,5,Good,positive
d9fa325d-3643-4fe0-accc-1ed25434280c,2024-01-24,1,Worst experience. It doesn't detect the location properly and the app interface sucks.,negative
91bdcfa4-d177-43d8-97e0-2dfda92a1180,2024-01-24,5,Very good,positive
6e5c83f0-6dc0-4e26-a0f3-97e761b58ff9,2024-01-24,5,Niche 🥳🥳🥳🥳,positive
520eb798-3ff7-41a1-8592-921374ea3e7b,2024-01-24,5,Good,positive
4d7a3d4e-38a5-461d-9d8c-6a8a65e05216,2024-01-24,5,Good,positive
4643825e-9eda-4962-b418-7241db0f6097,2024-01-24,5,Nice,positive
2f5f9e66-5016-45c8-a8ec-42c988975599,2024-01-24,5,Service is best Very good,positive
eb5d8929-d3c9-4ab0-8167-01d021692fbd,2024-01-23,5,Nice,positive
c3b61675-18ac-4fdf-9562-e00a1253cbf9,2024-01-23,5,Good,positive
9d4280e2-2b5c-4491-aa5c-36e8bedbc45b,2024-01-23,5,Nice,positive
8665cbda-bca7-439b-805b-87a7d9a81c4b,2024-01-23,5,Nice,positive
7dde0e1d-b26f-4845-82a4-319091d892a9,2024-01-23,5,Nice,positive
74b6835e-64b9-45c1-be75-1dfd6c0e73e4,2024-01-23,3,I didn't see fare difference between rapido and yaary it is almost same,neutral
6a64bf5c-b020-4304-828c-59bf35be49f2,2024-01-23,5,Good,positive
609682ae-d3c6-43fc-9322-507bd04c4760,2024-01-23,5,Nice,positive
558b17e1-81b5-4501-8ac7-b7eebbe2f1c5,2024-01-23,5,Nice app,positive
48967a5d-a4cb-411d-a0c1-9483a529e687,2024-01-23,5,Very good 😊 👍,positive
3e112a3d-a85b-43ec-92b2-732b5b9a8559,2024-01-23,5,Nice,positive
2fb05003-c6e7-402e-8231-6a4c8e95418f,2024-01-23,5,"Very good app....hope your app can beat ola ,uber and rapido............ All the best 👍💯",positive
20361eb0-dc59-4130-a4da-6606e1d818e8,2024-01-23,5,Good,positive
18a745bd-d51e-43a4-b847-838ddde76cc7,2024-01-23,5,Good,positive
94a69203-170d-4abf-b92b-a4bc8fdbe6fb,2024-01-22,5,Nice,positive
6b09f42d-ea59-424a-934a-02d1be696354,2024-01-22,5,Good,positive
4af5318a-2887-411b-a3d0-7fe5fb0db26d,2024-01-22,5,Very Good 👍,positive
123c0537-e36e-4604-9c3c-b5fcb623c18a,2024-01-22,5,Good service app,positive
fe3acc94-65d5-4a16-b21a-a881e74a3abd,2024-01-21,1,Fraud,negative
b99e7710-74ad-4b83-9dcf-910761e62a33,2024-01-21,5,Good app,positive
fb9c7157-4459-48ef-beca-16d4457ea62e,2024-01-20,5,good,positive
e7ac9904-14f7-4073-ac7b-3ebde3103a03,2024-01-20,5,Nice,positive
d61b84fb-bc54-4511-bc4f-7d7dde23ba97,2024-01-20,5,Best Service,positive
af9c1252-371e-4af5-8d3d-5c8e72d03df3,2024-01-20,5,Good service,positive
91b4b245-e520-4037-978a-84983c240cc7,2024-01-20,5,Nice app,positive
467a826c-cdbf-4a65-96cf-f1063127b4b7,2024-01-20,1,Bakvas app is not work and show is not available for this area only best your data,negative
257135e8-5311-4194-843e-409858944fc8,2024-01-20,5,Good app,positive
20f32e4c-1959-462f-9469-b7d66e8645f6,2024-01-20,5,BEST SERVICE👍 VERY GOOD APP,positive
0a1d9cbb-b171-452c-8a40-35e038bb6d33,2024-01-20,5,Good,positive
ff4fb66d-7544-4413-b473-8c0cd46d621e,2024-01-19,1,"Uber gives good discounts, and cost is low when compared to this app.",negative
e2e5029b-f851-4e30-a5f4-eb8fa4e1b7c3,2024-01-19,5,Good service,positive
e0364d7f-b576-44e9-a89a-60f681b7684f,2024-01-19,5,Nice,positive
d00a8353-7bf4-4fd7-bbd4-7da04a6bdae1,2024-01-19,5,Nice,positive
bf24aef0-e2f4-4de7-aca6-2e2f753d03f9,2024-01-19,5,Good understanding app,positive
ba607007-d9c7-43e3-b131-360b71ebf884,2024-01-19,5,Nice,positive
b0e699e8-71bb-40b8-976b-715da8c0dfc2,2024-01-19,5,Good,positive
9ece37c9-eeda-4a8f-9ead-7da7017d2d42,2024-01-19,5,Very good,positive
9d99b73b-4e95-4684-95a6-871ea3b51caa,2024-01-19,1,I am coustomer this waste app price for and using app,negative
8ffc8e6b-af8e-4004-bd99-af7061c1c13a,2024-01-19,1,Extremely expensive. Almost 30-35 per km. One sided app. Only in favor of Auto Drivers,negative
887d7832-2936-4965-b2b2-c2fd3377046a,2024-01-19,5,Good,positive
87e981e3-ce4c-4158-8630-9a0d0724d2dd,2024-01-19,5,Good service,positive
7ee3c6e8-6315-4fdc-91ed-da430417b6ec,2024-01-19,5,Good,positive
7a001129-4444-47f9-ab32-4b4362f13d49,2024-01-19,5,Good,positive
73eabb8e-fe35-48b4-ad77-ef5f5e6f0375,2024-01-19,5,Very good 👍 😊,positive
73c90998-ca70-49f1-936f-0b189e9900b2,2024-01-19,5,good app,positive
6b2be7bc-9512-4408-b618-0551ff147ef8,2024-01-19,5,good,positive
67d4917b-7b0e-42a7-b18e-dac6ca0237bf,2024-01-19,5,Nice,positive
613b90d0-8a4b-4d86-84a9-e86595b37198,2024-01-19,5,Best Service👌,positive
585293b3-d85b-49ed-a06d-c6285d8d1149,2024-01-19,5,Good app,positive
519dce67-9901-408d-9150-cec332e2998a,2024-01-19,5,Nice,positive
399f2927-06de-4f56-ad0d-2e64f3e0b289,2024-01-19,5,Nice,positive
34d4bd7d-711b-46d7-961b-297eb03255e0,2024-01-19,5,Good,positive
30aacebf-a4ce-4f75-a81a-e70742daf4fc,2024-01-19,5,Good,positive
2bc0bd69-6e2c-47b6-b28c-585e4012ae8c,2024-01-19,5,Nice,positive
211ee048-b317-489b-8c0a-24042f51c67d,2024-01-19,5,Good,positive
09f7d83a-9dfd-4659-966a-740eba00415b,2024-01-19,5,good,positive
fdb9b568-3bc4-476a-a151-cd543e33ede2,2024-01-18,5,Good service,positive
da63d80f-2168-4702-b2d5-20b32eb9467d,2024-01-18,5,Nice,positive
d3a7d93a-510f-49d7-857d-4798ec925680,2024-01-18,5,Good,positive
ce51fc5a-668c-461a-a15c-7dd23d884ccb,2024-01-18,5,Good,positive
bf492d8b-2751-43fe-9351-c47fc1d9b4f6,2024-01-18,5,nice,positive
bbf7263c-abf6-44b3-96e6-52cd7a198f56,2024-01-18,5,Nice,positive
b9dd6873-4032-413e-ad76-8c26d4a00e8c,2024-01-18,5,Good services,positive
b418341f-951a-4da3-bb71-0ca26d40a97e,2024-01-18,5,The prices are too less and got the autos faster than other platforms :),positive
aa556a3d-a8bf-495c-8c75-a6abe9b48bf4,2024-01-18,5,Good,positive
a2a6d02a-969c-4994-a308-b41043f26a5d,2024-01-18,5,Good,positive
9f0b3bc6-bc60-4eed-b8bf-34a80bdeb336,2024-01-18,1,"I installed Yaary after seeing their ads claiming to be India's first driver-focused mobility app. I was hoping to find a cheap and convenient ride-hailing service in Hyderabad. But I was very disappointed by how expensive and unreliable Yaary was. I tried to book a ride with Yaary from my office to home, which is only 4.5 km away. The app showed me a fare of Rs 200, which is 40% more than what other apps charge for the same distance. I thought it was a mistake, so I refreshed the app and tried",negative
9ed95910-6f1d-491c-a291-f9d3d0fb99dc,2024-01-18,5,Nice,positive
9c6f1138-7036-4c3c-af6a-4d790072de6a,2024-01-18,5,Good,positive
98baf144-a43e-43ce-b1fb-26b962eb5590,2024-01-18,1,I just tested. Yaary auto charges are more than Ola autos.,negative
98b9f446-58f1-4fd2-a7fc-703657e43ed4,2024-01-18,5,Nice,positive
983ddcfa-799a-4b05-81c1-961466c1428c,2024-01-18,5,Nice,positive
85b4854f-2c82-4af6-8d68-7990eaf54161,2024-01-18,5,Nice,positive
80b42c0b-9edf-4db4-be13-b0e8cac7a77c,2024-01-18,5,Nice,positive
791adc1c-62c6-4da0-bce2-6c00f73b5b1c,2024-01-18,2,Price is higher than rapido and uber,negative
78dde4f8-b3b0-41a2-8d27-6b0f3790cc03,2024-01-18,1,Not showing fares before booking,negative
775b2e88-8b7c-4d39-be09-d8e2f6eaa0af,2024-01-18,5,Nice,positive
733b3803-291a-4b03-8b36-5c80f50c2a61,2024-01-18,5,Nice,positive
708a0756-dd4c-44fa-8bfb-7f2319237ac6,2024-01-18,5,Good,positive
5cc112af-0ef8-462c-a1dd-5de9ab1dfc6d,2024-01-18,5,Good,positive
56630102-eee0-41d5-a949-be387ae13821,2024-01-18,5,Nice,positive
46642ff2-cc34-47d9-9964-0e85ef3cb5d1,2024-01-18,5,Nice,positive
450445e5-ddfe-45c1-b3cd-7750339ab8ff,2024-01-18,5,Nice,positive
41e6e167-bda8-4814-a858-a50110820533,2024-01-18,5,Nice,positive
3e60ffe7-fed5-4814-83b8-e45789e753f8,2024-01-18,5,Nice,positive
3acc9ffa-8ee5-41a4-9295-6233a065156c,2024-01-18,5,Nice,positive
37a1fbf8-46e1-469f-a255-edce51540bdf,2024-01-18,1,Worst experience. Local autowalas asks for the location and cancel the ride.,negative
35a79064-c4af-44c8-a9a3-9ca09216e6f7,2024-01-18,5,Nice,positive
24b40558-5335-48ce-bcc1-b6901e571898,2024-01-18,5,Good service,positive
20bff863-5b33-47b1-9f25-092cf53c3c2f,2024-01-18,2,"Not showing the amount ,before booking a ride",negative
15758a7f-0c6c-47d6-aebe-47434ba99f65,2024-01-18,5,Good nice,positive
0cb6c9be-8d14-4d93-b435-d560c814c101,2024-01-18,5,Nice,positive
098cb2e0-b1b0-4d7a-8b2b-420558969bb6,2024-01-18,5,Nice,positive
fb88f302-7ff3-4ad2-a361-e29b77a8cc38,2024-01-17,5,Good,positive
fa1e1ed7-f4a8-4b10-9de3-a86f9ec2570a,2024-01-17,5,Good understand app,positive
f1a2d58c-ac2e-4976-b11c-9cd2f66f7da8,2024-01-17,5,Mast,positive
e1c1e881-d675-4309-a4e2-d3ed8eb396d8,2024-01-17,5,Nice,positive
dc97058f-e512-4bb8-b036-190c29fe0deb,2024-01-17,5,Nice,positive
d50240b4-1e4b-4922-8a8e-b97ea2b3b1a2,2024-01-17,5,Good app,positive
cada3254-f932-4962-a2e8-cc3eaefd1032,2024-01-17,5,Good app,positive
bf24aef0-e2f4-4de7-aca6-2e2f753d03f9,2024-01-17,5,Good,positive
ba4f1fde-c524-4450-bc89-0c7915831bba,2024-01-17,5,Good,positive
b83ac8a9-57b1-4a53-bcd7-203b43b17269,2024-01-17,5,Good,positive
af8ee9ca-6c6f-4636-a17c-3cf7063de35d,2024-01-17,5,Good,positive
a437cb74-39fa-4653-bf55-785e86447d51,2024-01-17,5,Good,positive
9c3de4ed-4cbd-4750-92cf-f8b1dd6b63fc,2024-01-17,5,Good services,positive
96d0d3c0-3857-49e9-8f7a-e8f955f3f997,2024-01-17,5,Nice,positive
89b60af2-add2-4f0f-99f9-834233cae23f,2024-01-17,5,Nice app,positive
84f96ba9-340b-43d0-86eb-3b56b9260452,2024-01-17,5,Nice,positive
7ac1801d-6f1d-441f-9c11-3ec28ce01584,2024-01-17,1,ma AP lo lekunda launch enti ra,negative
73493525-975a-4884-b8be-1c356b612e47,2024-01-17,5,Nice 👍,positive
7187a354-8de6-46a8-ba75-b54de35cd7c8,2024-01-17,5,Nice,positive
6e0fbcc5-ecfe-4215-ba6b-719ed5d4f2aa,2024-01-17,5,Good,positive
6b12f31f-44c4-47d3-87f5-0370614e9fe2,2024-01-17,5,Nice,positive
66945a54-9903-420a-be08-74367f0e2fb0,2024-01-17,5,Khup chan aahe app,positive
65bcac8f-7225-406d-aa5a-7f51753b0390,2024-01-17,3,"Good initiative, but the option to select location and destination are very buggy and keep resetting. Making it very annoying to use. Please check into it in future updates.",neutral
5da20bd7-6d6d-46a9-810b-574bc4674cdc,2024-01-17,5,Nice,positive
5d928329-c836-4720-902f-79e7e9cbe9d1,2024-01-17,5,खुप छान ॲप आहे 👌👏👍,positive
5a063c00-a13f-4a5a-99dd-dceaa0bcfa55,2024-01-17,5,गुड,positive
59e61e9f-87e4-4aad-97e8-5d35050a8063,2024-01-17,5,Nice,positive
5418adfb-0b11-4085-b482-bb35c06828dc,2024-01-17,5,Service khup Chan aahe,positive
4b412526-6b5d-4b78-a227-4ede7b3d0ce5,2024-01-17,5,Nice,positive
47bdb08a-be0f-4963-943b-824150e1b66e,2024-01-17,5,Good,positive
41809461-a5fb-4909-b34e-d7833d167090,2024-01-17,5,Nice,positive
3f327a9d-f6ca-40ab-a4bf-ef81493e6353,2024-01-17,5,Nice,positive
39354c6a-82c9-495d-aaa2-9a1342e3a144,2024-01-17,5,Nice,positive
37f77b75-5468-40dd-bd71-7876e8bfd204,2024-01-17,5,Nice,positive
332d2f7d-dbc8-423c-bb7f-ed9a53cbed13,2024-01-17,5,Nice,positive
321040b5-d0a6-4a6f-ba5b-0a77d2454d14,2024-01-17,5,Nice,positive
2e3cf487-5163-463b-a79b-085e586c86f8,2024-01-17,5,👍,positive
2d5907d5-8a7e-4c4a-9428-d82c2f06793d,2024-01-17,5,Good,positive
2b1012b4-18e0-45af-9203-1582fdf5efcd,2024-01-17,5,Good,positive
2adab966-6d09-465e-a984-771b6190eb7f,2024-01-17,5,Good,positive
2a522326-9a90-40bb-a29b-42217f9b9539,2024-01-17,5,Nice,positive
28d89b5d-d5d5-4739-be5e-8df7febdd452,2024-01-17,5,Excellent 👌,positive
11ae5d81-4f0a-4d26-801e-4cd5e90ee0b6,2024-01-17,5,Nice,positive
096cfe07-d0c0-41cf-b10e-d9ef197616e1,2024-01-17,5,Great,positive
f6054402-b9cf-4c05-a5f3-2840ebb2c0a1,2024-01-16,5,Good,positive
f28df63d-2881-49c7-992c-9154e9b340eb,2024-01-16,5,Good,positive
d3e620cb-2c42-4d3a-a9c6-820adcc85291,2024-01-16,5,Good,positive
c0a4d751-06cf-4a7a-9b35-d57317efff23,2024-01-16,5,Nice,positive
b93aa62e-71d4-4964-9f88-45bec4a84970,2024-01-16,5,Nice,positive
b56517d6-2740-44b4-9ae2-017d6c98eef6,2024-01-16,5,Good,positive
b4e7e238-e838-4364-a0f1-e6572e0fd654,2024-01-16,5,Good,positive
b4b61b5d-a52a-415d-86bb-4fdb0562b427,2024-01-16,5,Good,positive
adb3479e-f5c9-42b7-ba40-14bdc7b043ab,2024-01-16,5,Nice,positive
ac5fb257-06ee-4176-80f1-27cf5746e4c5,2024-01-16,5,Good understanding app,positive
a65a46dd-6a7c-471a-92cd-2abc80469be3,2024-01-16,5,Good,positive
a4814a1c-5067-435b-b334-8732a719b712,2024-01-16,5,Good service,positive
a25606f5-2ff8-49ee-b1b8-b1d35014f608,2024-01-16,5,Good,positive
9f419e6b-69ea-40d5-b218-4d321519b84c,2024-01-16,5,Good,positive
954ca6d4-4d27-4fb4-a152-10c92e521d22,2024-01-16,5,Very nice 👌👍🏻,positive
8e14d7cb-318d-40a3-8767-970bbeb65109,2024-01-16,5,Nice,positive
80f30164-bf61-4560-ae66-23ea8974baf3,2024-01-16,5,Khup cĥan app ahe,positive
7d9ce0c0-cc94-45d7-9c83-d4ee2d906762,2024-01-16,5,Good,positive
76b97196-3660-473c-9d5f-3e203a9930e0,2024-01-16,5,Good,positive
7154aa33-c44a-4cc6-bd0d-e7b158f3f1b2,2024-01-16,5,Good app,positive
6db317d1-ba39-4fe6-bd0e-b45b4b805975,2024-01-16,5,Bahut badhiya hai app,positive
6638f155-1e99-4700-8eec-3f26a9dd8c8f,2024-01-16,5,खूप छान 👌🏻👌🏻,positive
5b5462b4-d9fa-4d9d-80d5-3a70987c4af5,2024-01-16,5,Nice,positive
58e26089-659d-4612-97bb-cefa0fb00659,2024-01-16,5,Khup Chan service aahe,positive
4c3cc45c-ba57-4c12-8c2b-345f4997c2a3,2024-01-16,5,Good service,positive
4b4e0ca3-48d0-4777-b9f9-c37f9bc2b083,2024-01-16,5,Best Service,positive
45af4871-faed-4f7b-84aa-b2b83862fc0b,2024-01-16,5,Good,positive
450ebe70-a7cb-4ec2-aee5-43257d472f0f,2024-01-16,5,Good application,positive
42aeb968-62d5-4e5d-9ae1-e9ba56517ee4,2024-01-16,5,Nice,positive
40a7af3e-7773-4ec4-a2d4-d880d71875e0,2024-01-16,5,Very nice 👍,positive
3e587b1f-a3d2-420c-bd12-3c56b720df09,2024-01-16,5,Nice,positive
3743db7e-b0a7-4d68-8aad-9cc427faf589,2024-01-16,5,Good,positive
2eddb319-34cb-4e3a-9951-cd6658c42eb0,2024-01-16,5,Nice,positive
285e713f-c765-4b45-a598-9b881a79e8d1,2024-01-16,5,Nice,positive
15758a7f-0c6c-47d6-aebe-47434ba99f65,2024-01-16,5,Good,positive
0ca113e0-3e85-4b82-9a9a-e119bfc9a32f,2024-01-16,5,Nice,positive
04c1a575-2e33-4cf6-98e7-192c84762e29,2024-01-16,5,Good,positive
00878973-ce7e-4068-8018-ec9d3c655692,2024-01-16,5,Nice,positive
fe8266ee-6af8-4214-8923-fea342e32096,2024-01-15,5,Nice,positive
f9431b88-c58c-477b-bf2f-e5ed9217a3c0,2024-01-15,5,Good,positive
f0fa5b08-d49c-44d2-b746-8f2be7b157a6,2024-01-15,5,Nice,positive
f0ef927f-468e-4a27-bea0-d8e8db83a25d,2024-01-15,5,Nice 👍,positive
ef29a2f1-f09c-4fab-aea7-5cb2476c9a5f,2024-01-15,5,Nice,positive
ec1f2cb5-f6e1-4b97-859c-861334d3ca39,2024-01-15,5,Khup Chan,positive
da95a061-0113-4da4-bde3-260c17fae0a3,2024-01-15,5,Nice,positive
da718c59-c60f-4fa7-9298-11630ba70250,2024-01-15,5,Good,positive
d9ffa687-45c5-4109-babc-45144a12985b,2024-01-15,5,Nice,positive
d050c083-19ee-43ef-aa7c-a0bedc7806a9,2024-01-15,5,Very nice,positive
cd8ea1c4-6f82-476c-97e0-27c86e24713b,2024-01-15,5,Nice,positive
c99c2531-e26a-458c-9ce2-e28ef3785939,2024-01-15,5,Bahut badhiya hai app,positive
b0fe2bcd-e499-481d-a0a4-8716946202b5,2024-01-15,5,Good service app,positive
afc5a3e3-23cf-402a-893f-3f6e860cfffc,2024-01-15,5,Nice,positive
ab133e4f-601e-4921-93e7-62f1c9d8d206,2024-01-15,5,Good,positive
a5cf427b-e618-4078-ba10-73aac98542d0,2024-01-15,5,Nice,positive
9f8879e1-ce55-4a97-b3a0-3c275c893465,2024-01-15,5,Good,positive
91bdcfa4-d177-43d8-97e0-2dfda92a1180,2024-01-15,5,Very understand,positive
91b4b245-e520-4037-978a-84983c240cc7,2024-01-15,5,Nice,positive
8e9c9640-5656-4b5a-8c8b-2c08a2357ddd,2024-01-15,5,Good service,positive
8e517295-cbf8-4460-aa5f-c0e4f870388c,2024-01-15,5,Very good app,positive
8b3f6037-fc5b-41e1-b934-c40aee145159,2024-01-15,5,Very good,positive
887c80d1-6de0-4def-b24b-4af8eb9fad51,2024-01-15,2,"Please correct the map, it takes a lot of traveling around and the price changes. Rest of the app is fine.",negative
86d32c8c-07ac-45bb-baf0-25c2a30a6a06,2024-01-15,5,Bahut badhiya hai app,positive
7c39ec48-eb64-448c-ae28-9962c4b3a202,2024-01-15,5,Good,positive
7a5c73b4-fc51-4c1f-8973-eb3169309a0e,2024-01-15,5,Good service,positive
6ad917fc-e67e-47f0-a56b-673f0507a47f,2024-01-15,5,Good service,positive
65614bd0-a329-4a1a-841a-cbd694a1c67d,2024-01-15,5,Good,positive
630a0fe4-3de0-420b-bc06-49b9d9961511,2024-01-15,5,Very good,positive
5a85d4af-7c68-4485-bfad-b3d4aa937c3f,2024-01-15,5,Nice,positive
45c54abd-e24f-40e8-931e-6bb2394114ba,2024-01-15,5,Good,positive
43a18bc9-ef4e-4209-8832-914b3d2d7105,2024-01-15,5,Nice,positive
40ca1e0e-7544-4caf-be1b-abf774731585,2024-01-15,5,Good,positive
3ffa3636-ed8c-41a8-b527-4949f85b37ee,2024-01-15,5,That app so fast use,positive
3f168558-1e2b-450f-8994-d2864d9087b0,2024-01-15,5,Nice,positive
3be76f6c-69e9-4786-93f0-862d312042a4,2024-01-15,5,Nice,positive
3908ceab-91d6-4bee-bd23-8c127c7a1252,2024-01-15,5,Good service app,positive
37ee1016-6781-4aa0-ae27-5788a681ddf4,2024-01-15,5,Very good 😊,positive
36488833-6f4c-4be3-8f44-e53f7031eb2b,2024-01-15,5,Good,positive
2ddc11fc-921d-4450-91d4-d74cef378b83,2024-01-15,5,Good,positive
23ca5dd9-2deb-43fd-b177-0c025134c566,2024-01-15,5,Good,positive
0f708237-6186-44cf-ab24-9480bace6f83,2024-01-15,5,Nice,positive
0260f871-451c-46c6-b293-f042330bf48f,2024-01-15,5,Nice,positive
e9fcfff3-344f-439f-9328-467493802936,2024-01-13,1,Ye service pune me hai hi nahi to kiyo download kary,negative
de1aa187-a4a5-4a7a-b2de-43b24a8d89b5,2024-01-13,5,Very good 👍😊,positive
d98ec25a-a8d6-4fd9-a489-f289925797ea,2024-01-13,5,Good service,positive
d572698b-e4ca-403c-909f-1589974cfe48,2024-01-13,5,Good,positive
d50240b4-1e4b-4922-8a8e-b97ea2b3b1a2,2024-01-13,5,Good app,positive
cd20c768-5d4d-456b-b9c3-0e12cf151068,2024-01-13,5,Nice,positive
c86b6025-63c8-431c-9c0f-e95d8ad67db5,2024-01-13,5,Good,positive
c461f1bd-1b44-459c-bf83-2b80f94d7e5d,2024-01-13,5,Nice,positive
bac1a0af-91e3-4bf1-ac22-147847ad5b0d,2024-01-13,5,Service khup chan ahe,positive
aeaeb73b-0fa2-4dd6-9085-a38a6574665e,2024-01-13,5,good,positive
aa4b528d-0ec0-4c51-b813-2923f2a85a63,2024-01-13,5,Nice,positive
a2c95d91-34ab-4ead-9cd3-dac8151e6827,2024-01-13,5,Kudos to the yaary app team . Overall great experience using this app although i noticed some issues using the app which i hope gets fixed asap - 1. Driver location is not accurate 2.Ride fare before and after the ride isn't same 3. Map shows incorrect directions 4. Change the vehicle icon for better visibility Apart from this i'll suggest to keep an option for the user to give his own ride fare price before booking a ride,positive
a192d3e5-9709-415b-b828-c5b071f31b9e,2024-01-13,5,Nice,positive
9df583ac-5c41-4e60-ad4b-0ec918900596,2024-01-13,5,Good,positive
9d2e8b8b-901f-4e2d-ac6c-64262ceaf694,2024-01-13,5,Good,positive
9a7a5199-b2c5-43e8-a408-b64feeb56554,2024-01-13,5,Best service,positive
99c07888-626d-40d9-863d-ff1e69ae7833,2024-01-13,5,Nice,positive
952c326b-e8d7-4f0d-9cfe-c38b1fa54b9e,2024-01-13,5,nice,positive
92b97565-08a5-49ae-ac21-8e71121f05e0,2024-01-13,5,Very good,positive
8c956491-8404-4aa4-8c33-fe049e68fd17,2024-01-13,5,Excellent,positive
85403fa2-92f4-4aa5-8029-272070241e26,2024-01-13,5,Nice,positive
7b9c09cd-2506-4077-9e15-0e530e3287af,2024-01-13,5,Nice,positive
7a123e84-9820-489d-9696-d7b4131ef4d0,2024-01-13,5,Good,positive
785a8268-685a-49da-bf01-8f756d202c16,2024-01-13,5,Good,positive
73b98519-a24b-439c-9220-08460a224612,2024-01-13,5,Nice,positive
72ad118c-e692-4bdf-841f-bb37aa443551,2024-01-13,5,Nice,positive
6f9657bc-01d5-4586-a32a-a135fdd30924,2024-01-13,5,Very good,positive
6d96da2d-c2cd-439f-876a-a7f8ea57c2b6,2024-01-13,5,Good app,positive
6bca3407-c2f2-42be-92ef-310ccc3fc839,2024-01-13,5,Good,positive
6840b7d1-6200-4c63-a287-77f8a9bd1c05,2024-01-13,5,Good,positive
5875a121-292d-412b-a696-7edd9ef4f389,2024-01-13,5,Nice app,positive
55d6de64-a056-4505-a333-c3a452601500,2024-01-13,5,Excellent 👌👍,positive
49639a88-e609-432f-85bc-1a3053047f62,2024-01-13,5,Nice,positive
48428e22-3a52-4579-91d1-62e1d8bd05b7,2024-01-13,5,Good app,positive
336e68d7-7ecc-438a-ae69-b38a7fbc5e2f,2024-01-13,5,Bikshapati,positive
32ac2662-c2b9-4b96-be5a-c5d222632946,2024-01-13,5,Nice,positive
314de07c-0c02-4825-9d35-439a9cfba9de,2024-01-13,5,good service,positive
2eeca930-d322-4a39-abfa-8a90e42a3365,2024-01-13,5,Nice app,positive
2a61ef87-5b6a-4b71-acec-40297fb92aca,2024-01-13,5,Good service,positive
2a4e4e8f-c791-41f2-94bf-a6c6b376eb9c,2024-01-13,5,Good,positive
2843eb35-15f7-4691-9b34-c372bebee5d8,2024-01-13,5,Nice,positive
068da17e-e0e7-451c-b109-c5109abbfba8,2024-01-13,5,Good,positive
01e3ef42-dc97-41ab-975b-4b47f0ece40b,2024-01-13,5,Good s,positive
f2428687-e984-43ea-a8b7-c8ad3b5017df,2024-01-12,5,Good app,positive
e8c09f4d-123f-412c-98ab-0920566213a0,2024-01-12,5,Good,positive
e743c0c4-58e5-46a6-8411-904b86291e31,2024-01-12,5,Very good 👍😊,positive
e4990984-8c64-4507-b308-551344345b5e,2024-01-12,5,Nice,positive
e4663345-f532-40d1-8812-e1152de921dd,2024-01-12,5,Bahut badhiya hai app,positive
dd128201-f287-46e8-a0d8-5ff4d478bdcf,2024-01-12,5,Best Service 😍,positive
d2f9daa9-0d9d-4bb2-9fc4-fd32d4214cde,2024-01-12,5,Very nice ☺️🙂,positive
d201f6b1-7bf5-40bf-b53a-da61d1e8f3a3,2024-01-12,5,Nice app,positive
cba84829-e817-46e3-b521-dc53c4c2d37d,2024-01-12,5,Service very nice 👌,positive
c00daf87-01f0-43b1-b391-11fac364eeec,2024-01-12,5,Very nice 👍🙂,positive
aec4c57f-6e24-462a-bac0-995162d608c3,2024-01-12,5,Good app,positive
ac5fb257-06ee-4176-80f1-27cf5746e4c5,2024-01-12,5,Good,positive
a8e7160b-f069-490c-a2cc-c6563fd7469a,2024-01-12,5,Very good 😊,positive
91b4b245-e520-4037-978a-84983c240cc7,2024-01-12,5,Very good app,positive
85b4854f-2c82-4af6-8d68-7990eaf54161,2024-01-12,5,Good app,positive
84a5c8ff-0cb0-4b03-9be7-f8d609d14123,2024-01-12,5,Good 👍,positive
7e88196b-f906-4034-ba91-3183f0a0f87b,2024-01-12,5,Good,positive
78e78e45-7767-4ae3-834c-4134a6895429,2024-01-12,5,Good service,positive
58e26089-659d-4612-97bb-cefa0fb00659,2024-01-12,5,Khup Chan service ahe,positive
57db0dd3-2db6-4f03-8e43-4f7bf1146db2,2024-01-12,5,Good service,positive
4fb9a408-0072-4bf0-a7f0-eb3c9815a543,2024-01-12,5,Nice 👍🙂,positive
4484c0e3-2cfa-406a-971a-343ae05dd0d8,2024-01-12,5,App nice,positive
39f3a200-0796-45a8-b881-0b067abe7233,2024-01-12,5,Very nice service,positive
3214cfb8-e4d3-42a7-b703-e7b4dc4e2979,2024-01-12,5,Good app,positive
2b5715d3-036c-42ee-98b0-52aecd783a87,2024-01-12,5,Khup Chan 👍👌👌,positive
27080cc2-1163-4e4c-8be9-540278a48ff6,2024-01-12,5,Goodapp,positive
21054fef-56c7-41a2-b930-a7c165abf5d9,2024-01-12,5,Good,positive
1cb6dbd6-7dc2-4314-ad80-e61deb08412e,2024-01-12,1,Prices are higher than other app and showing more kilometres worst app Don't prefer,negative
14fbc233-d299-4d2e-9249-7b0d0912f1df,2024-01-12,5,Very nice ride experience,positive
11158121-3f68-492d-ab7c-2edc03a46425,2024-01-12,5,Good app,positive
0bfec36c-6881-4dc2-9669-8b8938dc6507,2024-01-12,5,Very good 👍😊,positive
0a441a88-c19e-4d44-a125-e6b29d94948a,2024-01-12,5,Good service,positive
03c6913f-2582-4343-b614-c3b75433f244,2024-01-12,5,Nice,positive
01e56e97-3814-41de-899f-9705254e3147,2024-01-12,5,Very nice,positive
ff47e8a2-fb7f-4098-bbc5-a10e8069a278,2024-01-11,5,Nice,positive
fe7d4e96-f055-4507-b780-c3044a4c2ed3,2024-01-11,5,Nice,positive
f85fd893-5d4a-464b-9770-ee432a5950f3,2024-01-11,5,Good,positive
f081e196-950b-4aac-998a-dbeb5031ba81,2024-01-11,5,Good app,positive
edf2e2f4-4aad-4998-ba9a-732244aacd3a,2024-01-11,5,👌👌,positive
ea93e8ce-3aa9-4099-af3d-3e76ba332027,2024-01-11,5,Good service nice 👍,positive
e5ac8aad-61a0-4c97-9e38-aebf33acbd9b,2024-01-11,5,good,positive
e2e5029b-f851-4e30-a5f4-eb8fa4e1b7c3,2024-01-11,5,Good service,positive
e21645ec-197d-4be4-a64e-64626b0695c9,2024-01-11,5,अच्छा ॲप है 👌🏻👌🏻,positive
dfe8e508-9c6b-4c41-8229-5498e63da384,2024-01-11,5,Nice,positive
d980a039-e801-4919-9050-58c90a580833,2024-01-11,5,Acha app hai,positive
cecda5cb-4ae7-42e6-acbf-29b651437a8c,2024-01-11,5,Nice,positive
ca9a075c-a6ae-42e4-bfcf-50e5087e12e7,2024-01-11,5,Good,positive
c7e2f0d3-6ba9-49d6-8a96-eb520b76707f,2024-01-11,5,Good Services,positive
beb8264a-3e04-4647-b7f9-bd15575cf363,2024-01-11,5,Service khup chan ahe,positive
ba4bb1ab-f490-42c5-aae4-94c45abbebd1,2024-01-11,5,Very good app,positive
ac7dd215-b14c-45cb-bc4b-5e1be185c4dc,2024-01-11,5,Good app,positive
a88fa825-23ee-4b1f-b589-2f624c2a912b,2024-01-11,5,Mast application ahe,positive
9e3f45fb-09e8-44e2-b52a-f8883a96e3f1,2024-01-11,5,Good,positive
9dc47fac-8e39-44aa-ad02-866b9863ba2f,2024-01-11,5,Nice,positive
9d3370b7-b806-4743-bb53-23dc43046445,2024-01-11,5,Good,positive
9a14a540-dad4-4f0e-bbf8-0bcc8304def0,2024-01-11,5,Nice,positive
9888dc47-b8c6-4538-8439-382f1f21e571,2024-01-11,5,Good service,positive
973f9b24-7b79-4a30-97af-246e3e68f60c,2024-01-11,5,Best service,positive
8c37fdf0-0c31-4525-9404-f30bb33e4904,2024-01-11,5,Nice,positive
834c1c48-a74d-4039-ba4a-fdfbd2b2906d,2024-01-11,1,Very high charges isse sasta to uber h,negative
81775f5b-7e97-473b-83da-e1df6d0abc99,2024-01-11,5,👍,positive
7e5480ce-620c-4a0e-9966-6cd2efd1e97b,2024-01-11,5,Good 👍😊,positive
7e02ec5f-3b50-4c20-9843-f788e56463d7,2024-01-11,5,Good,positive
780554f7-0e13-4bd3-acfd-fb3fc9733361,2024-01-11,5,Good,positive
7154aa33-c44a-4cc6-bd0d-e7b158f3f1b2,2024-01-11,5,Good,positive
69f3ded4-f83c-4f5c-96fc-a55307fef153,2024-01-11,5,Nice,positive
6758d4d2-e40b-4d7f-83d3-6ad23adc7b81,2024-01-11,5,Good app,positive
520a7e50-ad00-470a-97ab-201901d586b4,2024-01-11,5,Nice,positive
4a6694e6-3228-4854-bc6c-1d53ba9062a5,2024-01-11,5,Good,positive
49490fa2-c0f6-44c2-8eef-8cfcd7aa9c5e,2024-01-11,5,Nice,positive
48d2d716-f5e8-4dce-8748-4f2898f43c88,2024-01-11,5,Nice app,positive
4156d1f2-1d0c-4fdf-b3b3-dab677543469,2024-01-11,5,Khup chan app ahe,positive
345b4803-7670-4299-9330-43ac536f00e5,2024-01-11,5,Very good app,positive
3073b1dc-1c73-4b48-8d39-dccae7849709,2024-01-11,5,Nice,positive
257135e8-5311-4194-843e-409858944fc8,2024-01-11,5,Good services,positive
244e164b-b90d-498a-af1f-5182c92373de,2024-01-11,5,Good,positive
23ad60ad-9090-490c-8b0d-e73c3e483748,2024-01-11,5,Good,positive
21dc1aa6-6689-4c94-887e-a06235eb16d6,2024-01-11,5,Good app services,positive
1c2fe0e2-fe02-4ae2-b276-d49bcf0b72b2,2024-01-11,5,Nice,positive
1bcd0c57-cd93-4b6c-b73e-345e90b295e2,2024-01-11,5,Nice app,positive
105c810a-14ca-4907-a2df-db2864cca7c5,2024-01-11,5,Good,positive
0d5b20be-60fe-4579-8f2b-b1a1ef3ff44d,2024-01-11,5,Nice,positive
0a2f68e4-7643-49c8-a452-b5ffc9307d45,2024-01-11,5,Good,positive
08ab4c2b-7d0d-46d8-b58e-d12d6d8343b4,2024-01-11,5,Khup chan,positive
00ae322b-22ea-4b67-a723-4a61d4068d89,2024-01-11,5,👌,positive
fa28226a-da8d-426c-ac3b-0a0c7ae9b520,2024-01-10,5,👍👌,positive
f8939302-8d4d-4d22-9bed-72057dc3e920,2024-01-10,5,Good,positive
f55bd889-42ce-41a2-bb0c-0a506648e668,2024-01-10,1,"Price gets changed at the end of the trip, and you will regret not choosing the alternative for booking at the end.",negative
f51f5e36-a02d-49e1-a839-fe277bacb027,2024-01-10,5,Good app,positive
ea1c645d-5f87-42b0-a9d3-13c0bb7f17b7,2024-01-10,5,Good,positive
e97399fa-8d36-45d6-92c7-68d1899b22f4,2024-01-10,5,Good,positive
e2c7ebee-6916-4ed8-8291-e2f538f74b1d,2024-01-10,5,good,positive
e296b7a3-d168-45b2-aff5-ea05ecf66fb2,2024-01-10,5,Good service,positive
df13e0af-5b0a-4610-b993-de54aa5e9e3f,2024-01-10,5,Good app,positive
d9451b47-f895-4f56-a6f1-57f5c01b61ae,2024-01-10,5,👌👌👍,positive
d2ee8355-6d21-4cff-b3ec-ef80a7447d05,2024-01-10,5,Acha app hai,positive
c934fd8f-d0e1-4d71-a857-afd66496ebb8,2024-01-10,5,Good,positive
c826acf7-272a-4d3a-9b5b-507ab9131a63,2024-01-10,5,Very good app,positive
c7ddd0c0-f0db-4f1b-a57d-9140b59b39e6,2024-01-10,5,Good services,positive
c472f8ab-bf4d-461f-ba1e-139be6252766,2024-01-10,5,Please make paking moving option,positive
bdbcfda1-5b3d-47f3-b1af-73dc4045e3f6,2024-01-10,5,Good,positive
bdaa6f34-410f-400f-a6bb-9f65b6318f9a,2024-01-10,5,Nice,positive
b5b14d95-df35-4e84-8ba8-9ed377e6a184,2024-01-10,5,Acha app hai,positive
b1404914-71f0-414b-a428-25ed8b6427f0,2024-01-10,5,👍,positive
b0a3820a-f43c-4792-bfbe-43dc54e7f6ad,2024-01-10,5,good,positive
af09a3c2-eb40-4b54-9842-c96500cbf9a2,2024-01-10,5,Khup Chan app ahe,positive
ad4a4766-60ea-4962-825e-405d2e303408,2024-01-10,5,Khup Chan app ahe,positive
ad0219fb-550e-46a9-a2b0-86f4eaf2719f,2024-01-10,5,Good,positive
a6547706-6b02-4615-8d34-12d1b82bc586,2024-01-10,5,👌👌,positive
a5dd3649-b08c-44dc-ac9d-5eb980cd83f8,2024-01-10,5,Good service,positive
a5ccdc05-4214-49ca-a8a9-05da0c3ced2a,2024-01-10,5,Khup chan aahe app Service 👌👌,positive
a409ba70-b51e-479d-9ef4-aa3b107f8fb9,2024-01-10,5,Nice,positive
a2026072-90fd-4645-8832-588c887ab872,2024-01-10,5,Nice,positive
9d318c02-4907-48f6-b758-c48d67a90f52,2024-01-10,5,👌👌,positive
901bcf1d-b552-4c22-82f4-4b06da9ec217,2024-01-10,5,Bhut badhiya hai app 😍,positive
8fbe296a-7ace-4ab4-8a89-5eed871fab74,2024-01-10,5,Good,positive
889ea404-7bd8-4084-a37a-de8b32589dd4,2024-01-10,5,Khup chan app ahe 👌,positive
7f62eb63-7529-413d-bb66-a83472ecd567,2024-01-10,5,Good,positive
7de5f11b-e75e-4165-bfa5-bfca00a9ea19,2024-01-10,5,Very good app,positive
7391a73e-7850-4b37-b767-4467b862cbc5,2024-01-10,5,Khup Chan app ahe,positive
6bb52a12-1eb0-482f-a981-ee7bd2fb770c,2024-01-10,5,good app,positive
6b684051-a834-49fb-ab94-35fc66b98bfe,2024-01-10,5,Khup Chan 👌👌,positive
6135f758-3042-44f5-88f3-26aa667da31f,2024-01-10,5,Highly recommend this app. Service is best 👌 👍,positive
5bbf3df7-f7ae-45af-8105-7b10d325fff3,2024-01-10,5,Good 👍 app,positive
5986567e-8eea-4f74-a571-f4ce034b2e4d,2024-01-10,5,Good app,positive
540a3840-c618-42c4-8fdc-0b0e05acdc79,2024-01-10,5,Good,positive
4e814085-ffbe-4448-b28d-735a7af5d075,2024-01-10,5,Bahut accha app hai,positive
4b58cf93-3903-412e-b03d-38b1d0765edc,2024-01-10,5,nice 👍🙂,positive
4076f3b6-ffc9-4511-b136-bd08377493de,2024-01-10,5,Good app,positive
3a2a9577-a2e2-476a-9eff-6b3f3db74167,2024-01-10,5,Service khup Chan ahe,positive
3806ba94-4d79-4c20-bb4d-81662422f8de,2024-01-10,5,Service khup Chan ahe🥰,positive
373846f8-676d-4dda-9ffc-3003fe3dba35,2024-01-10,5,Good,positive
358aeafd-0de5-4a20-861b-f4cb9f7682e7,2024-01-10,5,Khup chan app ahe,positive
3258d9ce-21a2-4303-b5f9-7eb77a137cbc,2024-01-10,5,not available in Bangalore when are you coming,positive
2a6af1a7-b30b-4be8-8a65-e683a02b8995,2024-01-10,5,Good service,positive
2a4eb5fb-b5e9-40b0-942f-dc5d8e54e890,2024-01-10,5,Good app,positive
2103ce0d-fb05-4544-8a93-10d3b98abcca,2024-01-10,5,Good app,positive
1f900035-6302-4cfe-8982-0dc4f72d3170,2024-01-10,5,Good,positive
0e3a487a-dd15-457a-9b1c-0c8b738ae5ac,2024-01-10,5,Bahut badhiya app hai,positive
fde3ac08-ea27-46cf-9b52-2322c7424119,2024-01-09,5,Good service,positive
f227f7bb-e128-4b9a-bb18-177c56d664c7,2024-01-09,5,Good,positive
eb461166-314c-4108-a543-b403aa30b15e,2024-01-09,5,Very good app,positive
ea1387ac-310b-4dae-880c-352583ca794b,2024-01-09,5,Aacha app hai,positive
e6ab411b-033a-4c24-b492-309b62056cff,2024-01-09,5,Service Khup Chan ahe,positive
e4b868c1-8457-4957-81eb-dc4db22c4fa0,2024-01-09,5,Good service,positive
e181b659-dfc3-4f4d-a056-37951a7e85e1,2024-01-09,5,Good,positive
de47f36e-3936-4136-a15d-c5d85b82470f,2024-01-09,5,Good service,positive
db026715-2d1b-4b15-bece-829825fb8189,2024-01-09,5,Nice,positive
dafc09d3-167a-4551-bee8-0a48f3577cd0,2024-01-09,5,Khup Chan app ahe,positive
da323f5d-3fc6-45e0-87a0-f05998f6d9a0,2024-01-09,5,Good app,positive
d390dcb4-d11d-4d90-b586-adf2995b27bf,2024-01-09,5,👍😊,positive
d1565c2b-41fc-4ea0-8726-68a2b899e956,2024-01-09,5,चांगले अॅप आहे,positive
cd7966c3-b9d3-4efa-9bd1-88ffad4b8f40,2024-01-09,5,Service khup chan ahe,positive
ccb601a0-b81c-4f44-b926-349a2d2ba88e,2024-01-09,5,Good service,positive
cb607720-e9b3-47ec-8afa-bb00917a2865,2024-01-09,5,खूप छान. 👍,positive
c6734fc6-6807-4e24-aa53-1a9ef09b6e9b,2024-01-09,5,Good app,positive
c55766eb-27bd-4810-bae1-7fa932b77597,2024-01-09,5,Good सर्विस,positive
c4fc9ccc-fc21-4cf1-8893-4a75d6e033f7,2024-01-09,5,Good app,positive
c01b834a-228a-414d-a897-11f192ed22ef,2024-01-09,5,Good,positive
b9988d65-66cd-45dc-a047-9cf0338f0b5d,2024-01-09,5,Good,positive
ae794486-396c-4fd9-a6ba-d130986abba6,2024-01-09,5,Good,positive
a8769d1b-8236-45d0-bc85-0d8938e6f745,2024-01-09,5,Best service good app,positive
a3726557-8bbf-4038-81cc-cfe302a7e3d0,2024-01-09,5,Service khup Chan ahe,positive
a24c17ca-1009-49b7-bbce-6ea036b787a8,2024-01-09,1,i tried this app to book auto 3 times and all the 3 times the booking got camcelled.,negative
7b5c20e3-5448-4874-9e6a-3294c422205d,2024-01-09,5,Very good app,positive
74f8095f-b3b6-46a2-8b27-44ca17cf9115,2024-01-09,5,Service nice 🙂,positive
74ecb15b-f9c1-49d4-99ef-aa080a0027da,2024-01-09,5,Good app,positive
73458978-1894-4a4e-b14c-ee14219b2692,2024-01-09,5,Good app,positive
6222281d-07b7-4e0e-9374-9991140bb463,2024-01-09,5,खुप छान ॲप आहे 👍,positive
5bb684b1-293c-4ff6-beac-dda03fefd8fc,2024-01-09,5,App khup chan ahe,positive
556d3c70-df81-4325-a5c0-b2a13e5d5f20,2024-01-09,5,Good,positive
4e01a5ba-ad4a-436b-9e0c-6a6be527d0fd,2024-01-09,5,good,positive
461dc912-7a8a-4b5b-955d-cc8ee70da251,2024-01-09,5,Acha app hai,positive
417f8d24-12ca-4c11-a9f2-17a83e541d25,2024-01-09,5,Service best,positive
407f2b25-bdd2-49af-9912-05124e98d9db,2024-01-09,5,Good,positive
3b89c339-a4ca-46df-bafb-1bbf24d46ded,2024-01-09,5,Khup Chan app ahe,positive
304a9635-5726-44f4-a935-be39c419edce,2024-01-09,5,Good,positive
2ef2aba4-786d-4d0f-9999-3fb4df33504c,2024-01-09,5,Good service,positive
2d1f27ac-d71d-4f32-83a5-2cbfec1c99f2,2024-01-09,5,Nice app,positive
2b20a091-1122-4b68-bdf6-d2d638ce1255,2024-01-09,5,Khup Chan 👌👌,positive
21bdcff9-e71b-42a0-895b-62488e85874e,2024-01-09,1,"Your app is very waste, App that robs the people",negative
203afe33-036c-4760-8926-650391a7ee22,2024-01-09,5,Good app,positive
1a2a9ebc-ca38-42f0-9b00-bc11dcb33d5b,2024-01-09,5,Good,positive
12f68912-fcb4-4585-a6e9-2ba05124da2e,2024-01-09,5,"Great work, Can u pls include one more feature of bike riders it will be very much helpful for us. Kindly don't ignore this message it is on behalf of all bike-taxi riders👍🏍️🚴",positive
11bc903b-99c7-4e9d-83c4-a3dd56eacd52,2024-01-09,5,Services khup chan ahe,positive
0f0275c6-20f2-4900-ba72-7c899eb08196,2024-01-09,5,Good,positive
09215435-76b5-4d25-a4af-43699e50467e,2024-01-09,5,Very good app,positive
07126218-0f3c-46fa-b997-d23fa4607141,2024-01-09,5,Good,positive
0660585e-2acb-4cb8-8e9a-1e0f322bf310,2024-01-09,5,Good,positive
04c4c94b-536f-4f5d-9770-495a3c4c0d9f,2024-01-09,5,Khup Chan app ahe,positive
03d4ee27-ba44-45e1-9c82-880afa80f52e,2024-01-09,5,Good service,positive
ff945c37-a4fc-4be2-9646-5afce3c34d08,2024-01-08,5,Best Service,positive
efaf4168-5f56-4ee2-8f06-d82386f1c261,2024-01-08,5,Nice,positive
e15ea06e-efd7-42f4-a2d8-3fab1defdbae,2024-01-08,5,Nice,positive
df1af8a1-f462-4fde-a0dc-cfd1eda288fd,2024-01-08,5,Very good ☺️👍,positive
db9e3856-7014-409a-88f5-62627cf3481e,2024-01-08,5,Nice,positive
db86ecb8-f3ff-47fc-9774-f7a95144b3a6,2024-01-08,5,Very good 👍😊,positive
cfa27b40-a0b0-4595-9a80-7debda08b4b8,2024-01-08,5,Good,positive
c7d40563-07e9-4a0f-8862-f1b4d81914b0,2024-01-08,5,Good,positive
bba9b728-99d2-48a2-9749-ecb072a6e22b,2024-01-08,5,Nice,positive
b8bcd439-778a-476a-a5fe-ed661d163d96,2024-01-08,5,Nice,positive
b7729d73-177f-497b-a986-f4fa1e487562,2024-01-08,5,Very good 👍😊,positive
b2c7683b-6707-419d-aacc-3890f0b52478,2024-01-08,5,Very good 👍,positive
b0d4c36a-e2df-47fa-a5e9-0b811aa36ea5,2024-01-08,5,Good,positive
b037646d-1e15-4ea3-b913-fe197baf7299,2024-01-08,5,Nice,positive
adcadc84-00bc-4ffb-8379-b3ca51a259a6,2024-01-08,5,Very good,positive
ab41f29b-6c08-4a4b-b6c4-a45c473ae7c7,2024-01-08,5,Very good 😊👍,positive
a339e66a-0773-4ad3-a23a-d73e3cfb4517,2024-01-08,5,Best Service,positive
9a6478e3-6153-4166-ad32-ebb7a70437e0,2024-01-08,5,Very good 👍😊,positive
96d80ece-1fe1-4f60-898a-3ccb33dad819,2024-01-08,5,The app is easy to understand,positive
93fd122f-6772-43c9-a0aa-4e73f0aeaeda,2024-01-08,5,Nice,positive
936931be-e4d4-495a-b4c6-3ef01357515c,2024-01-08,5,Good,positive
921e5504-dd6f-470c-b98a-9624e97278f0,2024-01-08,5,Very nice 👍,positive
8e823521-37f1-4a37-b649-0e139f65e94b,2024-01-08,5,Nice,positive
74a22049-f5ab-44da-88a0-a26853ec8267,2024-01-08,5,Very good 💯😊,positive
735fc643-42ba-4182-8c45-d15ceffd709b,2024-01-08,5,Nice,positive
65fd3858-af5e-4986-8dbf-1d39de0a4599,2024-01-08,5,Very good 👍🏻😊,positive
60c56239-3947-46ac-bf04-579a45b866e3,2024-01-08,5,Very good 👍😊,positive
512b90d8-64bb-4dc1-b4dc-deff914fc5ee,2024-01-08,5,Nice,positive
4e23eedd-a2f6-4d3d-aafb-0b486a2d4d23,2024-01-08,5,Very good 😊👍,positive
4114e9ec-30c0-43f7-b1cb-cac9fec3fcaf,2024-01-08,5,Good,positive
3f85b749-8de4-4138-aea6-f3409ff2f66d,2024-01-08,5,Amazing experience 🙂,positive
3cd8fc2c-193b-4784-8ae1-98713ad485c0,2024-01-08,5,Very good,positive
3c48d17a-c077-4d35-8a49-93a457b20ab5,2024-01-08,5,very nice,positive
2d28613d-fb56-408f-8f00-083d97e3c3ce,2024-01-08,5,Very good 👍😊,positive
2cf6e9e2-3005-4ce3-931d-9c14ddb40059,2024-01-08,5,Very good,positive
2baf3564-ab3e-4b5a-86dc-0b9ff933ec82,2024-01-08,5,Nice,positive
2aff45d8-42cc-4469-a3c8-9cfc4bf93798,2024-01-08,5,Nice,positive
23c23aea-33e4-4b2c-b8ac-4466eaa6efdb,2024-01-08,5,Very good 👍🏻,positive
1b2f2385-ff24-40f9-8539-3680c95f3e12,2024-01-08,5,Good service,positive
104fac31-ba51-4359-a4c0-f697adbab197,2024-01-08,5,Nice,positive
0fb9cb56-cf39-415f-9273-6eaa4f1f75ea,2024-01-08,5,Nice,positive
0ca96d34-5536-42a2-88bf-060ff75b4cf1,2024-01-08,5,Very good 👍😊,positive
795e85fd-7b43-446a-84d1-7497d5d14dff,2024-01-07,4,"All gud, sir please add the bike option as well",positive
76a2289d-79a5-47e7-89e5-089cfd6ebe89,2024-01-07,3,unprofessional auto drivers. they take booking and cancel it. waste of time.,neutral
4a670cc1-51d9-4f5b-902f-adf51b754a66,2024-01-07,5,Nice book aap rasheed drive nice bula,positive
1353f1d4-043f-4b19-96c5-613613617911,2024-01-07,5,"Loved it, but as your app is growing try to include bike rides too because, mostly students travels every day ,if they get this in cheapest rate they will be Loved it.",positive
f313f8c8-0c27-4f8b-8a92-a98277ae03b9,2024-01-06,1,Not working for booking.,negative
f2f3c1c3-590d-48d2-b419-c2f131a2bdae,2024-01-06,5,Good,positive
f05529d8-3661-4712-ad46-d898ce9970d3,2024-01-06,5,Good,positive
ec6fd448-c483-409c-9563-5bc56a045462,2024-01-06,5,Good,positive
e97af65e-0cc5-4736-b61e-a0f4ccdf9e45,2024-01-06,5,Nice,positive
da046c43-901f-43b7-8ac7-c86e461036e4,2024-01-06,1,Look's like it's a fake app map is not visible on the app and we can't select pickup locations waste of time,negative
c235e283-3cce-424d-8a1b-b42f8f2a2a05,2024-01-06,5,Good,positive
bf938a2b-fbb5-4882-b62b-5b32da75ec1d,2024-01-06,5,Good,positive
ba0f05b4-02fe-452c-b405-56139c538486,2024-01-06,5,Good service,positive
95bded2e-f0fb-4499-becf-6ccc81530f7a,2024-01-06,5,Nice,positive
86ea08a5-a978-4fa2-b85a-e16c834de83c,2024-01-06,5,Nice,positive
6e454c77-b5b0-4cde-a149-554cea615142,2024-01-06,5,Good,positive
5eb43b21-7f4c-400a-8591-fd94696b15ac,2024-01-06,5,Good,positive
4f0cd081-0c80-4dfb-881b-f11c3f74d610,2024-01-06,4,Please add bike's riders and add map location image like Google maps please 🥺🙏,positive
4731f30d-0269-4e0c-acac-f39f7beb12a1,2024-01-06,5,Good,positive
2b4bbd1b-eda3-4f9e-a126-cad3dbc9cf61,2024-01-06,5,Good,positive
29827df6-0b39-4bbe-8ab8-709700594c68,2024-01-06,5,Nice,positive
094ec4b6-916e-427e-aed9-df79e9826053,2024-01-06,5,Good service,positive
0256be14-01c5-4cbc-ae30-bd31a3324d7a,2024-01-06,1,It is not working. It is unable to pick the current location as well as destination. Please work on it.,negative
d0976427-b19b-41e5-8b20-4afed491fc1d,2024-01-05,5,Nice,positive
b4ab445a-6607-4494-afe5-11d0134fe809,2024-01-05,5,Good,positive
b1f214ab-6ad3-4b4a-8cd5-2a9e1d57c0a8,2024-01-05,5,Very good 😊,positive
9b1301a3-c462-4a19-962c-9c43703024fa,2024-01-05,4,Function of map is good. & Easily we can book auto.,positive
98dc8c28-0e65-45b0-9087-c4e683168ab9,2024-01-05,5,Nice,positive
7cdf16a9-0812-48bf-9de2-e7c9840b2963,2024-01-05,5,Good,positive
78acd35d-7cba-4c03-9ebd-00c1022c8d18,2024-01-05,5,Very good,positive
74118614-7b7d-4e97-a043-1a18163b6b83,2024-01-05,5,Good,positive
5fc7780d-2abc-4869-b34c-f0bc4b55a099,2024-01-05,5,Very good ☺️ Best Service,positive
35e99ff6-257a-426c-9562-473b64f6e1cd,2024-01-05,5,Nice,positive
e3c69d49-e634-4d6d-99fc-a30095722ca4,2024-01-04,5,The app is easy to understand Very nice app 👍🙂,positive
e3647eb5-4f91-47e8-afba-87afc6e6e0e8,2024-01-04,5,Very good,positive
d4a7fc2c-337e-4df9-ad42-624c633fc6fb,2024-01-04,1,It's very waste app we tried to book but there is vechile so much time is taking but also booking not accepting waste of time .,negative
88407faf-3dcc-4cf9-b417-6fd8d7f04541,2024-01-04,5,Good app,positive
5c7ec674-02ae-4c52-b59c-0db4172a5801,2024-01-04,5,Good,positive
33e125ef-b1b7-42ab-ae38-ca8763c91992,2024-01-04,4,It's better to have Bike option also,positive
2c77ed8e-f869-4cfb-a42f-4b1a5c5913b8,2024-01-04,5,Good,positive
22eaddc4-eba2-4769-b9e8-918f1c1c5a08,2024-01-04,5,Good service,positive
2206fdbe-c214-423f-be2f-c9f2113a41f2,2024-01-04,5,Good,positive
2153877d-00ad-459f-82e5-b83c28fb87d9,2024-01-04,5,Very good,positive
19e20cda-4de2-468a-8199-84c63c59ead5,2024-01-04,5,Good app,positive
0ac8288e-a80d-4d11-b879-d9d5f9dff74d,2024-01-04,5,Good,positive
ada9ce13-77bb-4b90-bc76-643dbaa5b147,2024-01-03,5,Nice app,positive
9cb4ef8f-0e16-481e-b49e-c3001611fd88,2024-01-03,5,Very good 😊 👍,positive
9278f0b3-b771-433a-823f-5d41abb7b544,2024-01-03,5,Good,positive
8c8045f0-fcf8-4cf0-8827-a80ac4c06433,2024-01-03,5,Very good app,positive
7a812513-a334-4621-a488-e64dae7e5474,2024-01-03,5,very good app,positive
61184eb1-507d-4f05-9cb1-67135e46940c,2024-01-03,5,The services by the drivers are comfortable convinient as well as affordable too,positive
4abeb451-39d0-4483-8b65-95d7a94109aa,2024-01-03,5,Very nice 👌,positive
4656c2a8-1ba8-4e86-8e1d-43d4cdfd78d0,2024-01-03,5,Very nice 👍🙂,positive
2d571c0a-a189-422e-bafa-39fba35054a5,2024-01-03,5,Super super,positive
22bcc642-22fc-4dde-913e-4bef6d118510,2024-01-03,5,Very good app,positive
05b2c85f-933d-4bcd-b726-bdd82ba8a69d,2024-01-03,5,Good,positive
dd4a11cd-a728-4bf1-a1c8-9e26a05f59b2,2024-01-02,5,Service is best very good 👍😊,positive
c2f62fae-0d8d-47e5-8cda-466947bd342b,2024-01-02,3,Price to much 1.7 km ride 92 rupees,neutral
b8c7658d-2ca2-482f-b6d3-80e88faf72d1,2024-01-02,5,Very good 👍😊,positive
af6c8c4a-082b-494a-9cf9-8825c1ae5b63,2024-01-02,5,Very nice,positive
a544d239-1c37-4e36-b1a9-cdf0aea32fbe,2024-01-02,1,2 cancellations even though the drivers were just 2 minutes away,negative
a4052f63-d0ec-41b6-8925-c3ed5f6e56d9,2024-01-02,5,Very good,positive
97c10361-5c22-4886-b736-70abc8a2f476,2024-01-02,5,good app,positive
954ca6d4-4d27-4fb4-a152-10c92e521d22,2024-01-02,5,Very nice 👌👍🏻,positive
89ea2abe-a29b-48cc-95b3-05f45185b56b,2024-01-02,5,exllent app,positive
498bed14-92db-4fed-96a8-46ebe853d95b,2024-01-02,5,Very good 👍😊,positive
44a58426-59f3-46ff-9b94-9c35b074acb6,2024-01-02,4,Sir please Meantioan selection of set's.,positive
1c7346ff-730a-4432-834c-d01560f1fe40,2024-01-02,5,Exlent service,positive
11fd7bd4-a7d4-427f-961d-e0ea5a2a1519,2024-01-02,5,Very good service,positive
dac39760-fd58-43a5-9e8f-0ffd068f75aa,2023-12-31,5,getting auto in peak hours Very nice 👍🙂,positive
c8a154ff-e955-456a-83a3-45a7d474dfc5,2023-12-31,5,Excellent app,positive
c2667a81-a95a-4ee8-9a81-26fa56428791,2023-12-31,5,Good,positive
b4ce3bf4-9ecf-46e8-b799-946a5ce064c1,2023-12-31,5,Good service,positive
8e94edbb-1f2c-4cdb-a715-48017e4cfc7e,2023-12-31,5,Very good,positive
407e421e-81d9-419d-b443-137ffe988ff9,2023-12-31,5,Very nice 👌,positive
38d353a6-9156-4651-8936-637a9acc3d7d,2023-12-31,5,Very good 👍😊 Best Service,positive
0a532389-8d47-441a-a059-646ff2453ac2,2023-12-31,3,Good,neutral
0a07b391-8f43-4214-af67-bf7cfb0ffb19,2023-12-31,5,Very good 👍😊,positive
f79d760e-5ae6-4f4d-9106-162c5c5ce8ff,2023-12-30,5,Very good 👍,positive
e5a9c0a3-c354-4c0b-8eac-a3fcc6512605,2023-12-30,5,Great,positive
3cdfda82-f7f6-4a2a-a25d-31665125e8af,2023-12-30,5,This expression is awesome yaary ap is very best and uber is 💩💩💩💩💩,positive
f5495400-2e35-4b24-8799-ae573e86002c,2023-12-29,5,Best SERVICE,positive
f0928211-20ae-4ab0-a4ea-89d7a76ffc46,2023-12-29,5,Good,positive
c67774d6-6a7e-4338-8be4-6fa64724d7d7,2023-12-29,5,Service best,positive
b0c69176-e816-41d4-8081-caf5fcbc77d8,2023-12-29,5,Good service,positive
7ae052a2-6700-4dd7-8a25-bd24be14f9f3,2023-12-29,5,Good service,positive
30db8431-53f2-4a20-8fc6-9bf9a11e4ee0,2023-12-29,5,Very understanding app,positive
0002c48e-a7c0-47e5-b1fa-4d6f60efa6ae,2023-12-29,5,Nice 🙂🙂,positive
c2e42619-bf0e-41df-8d1c-3db92ab9bde7,2023-12-28,5,Very good 😊,positive
afb41637-e0f1-45dd-8943-35288bf7dc1d,2023-12-28,5,Very good app Best Service,positive
d050c083-19ee-43ef-aa7c-a0bedc7806a9,2023-12-27,5,Very nice,positive
c6f014de-9f4f-46cd-80fa-06f5cb7becf6,2023-12-27,5,Very nice Best Service,positive
a3ba6493-bb61-490c-9172-fea822946fff,2023-12-27,5,Good app,positive
9cc7a1f0-16bd-4a9a-8585-198dddc077e7,2023-12-27,5,When are you launching it in Bangalore?,positive
962b9ea4-6e24-44f2-9b7e-906892e3c19a,2023-12-27,5,Good service,positive
794e048b-b0c9-4efa-8421-ce5ee0149207,2023-12-27,5,Good app,positive
595b4263-3a53-4a0c-a61a-7de79e68b5e0,2023-12-27,5,Very good 👍 Best Service 👌,positive
25740659-c261-462b-bf51-a7776e7d7e4b,2023-12-27,5,Very good ride,positive
04ce1ef8-e0c6-4022-9c35-5c25766941f7,2023-12-27,5,Very good,positive
ad561dcd-6f8f-4518-b1b6-b23677fc7f9b,2023-12-26,5,Very nice 👍,positive
a9e82ae9-0ecb-46a9-b60e-5dd1f90ad8c4,2023-12-26,5,Very good 👍,positive
a64992b2-b24c-4c26-bc4d-901d3803a8f9,2023-12-26,5,Very nice 👍,positive
a295d0a1-7849-4308-8b7b-4e140c019682,2023-12-26,5,Very good👍,positive
1ad96536-7315-4644-bf52-9a4d2a1a62bd,2023-12-26,5,Best Service Very good app,positive
e5298592-3081-40b3-8fe7-8f5b2ddcbe8f,2023-12-25,5,👍🏿👍👍🏿👍 Good,positive
c912347d-f62f-46ac-ab70-388dd44284ae,2023-12-25,5,Best Service Ride experience very good app,positive
a2c10166-dfcd-49e0-ba59-cc38e9939c63,2023-12-25,5,Very good 👍,positive
96cc313d-f149-4cb5-8d2e-28f9be1dc197,2023-12-25,5,Very good app Nice service,positive
8e1343b2-70a4-41c9-98d0-af8ef65f0b3f,2023-12-25,5,THE Service is best👍💯 Very good app,positive
5023ea79-5c46-4df3-857e-f3c44c1cd88e,2023-12-25,5,Very good,positive
df8039d7-5798-4de1-9806-1cdc46da0311,2023-12-23,5,Very nice,positive
c0c79017-75b1-4375-b537-b614ef5a09da,2023-12-23,5,Very nice,positive
9de5045f-e64f-4d60-8967-63d49dbe1295,2023-12-23,5,Very nice 👍,positive
8b0c96d0-3335-40d3-a303-37d3fa703a6a,2023-12-23,5,Nice app,positive
8aac9710-8111-4432-a6fb-09e0cbb56142,2023-12-23,5,Very good 👍,positive
79eecc93-1a08-4cb1-975e-526e3aef12d2,2023-12-23,5,Very good 👍,positive
29f66c54-4b4d-4bd1-b7b8-e07571c3d310,2023-12-23,5,Very good,positive
020c7ae8-fea1-411c-a11d-50e7504ec460,2023-12-23,5,Service is very good 👍,positive
cb8077a0-6190-489e-b786-67082626d4ef,2023-12-22,5,Good,positive
b893033a-b903-4f1c-b52a-8af968defe0a,2023-12-22,5,Good service,positive
b065dcad-7360-4a48-8a18-45c57b73b49b,2023-12-22,5,Nice,positive
90672ac0-02de-46c7-b3f1-de1b105d2a9e,2023-12-22,5,"Please Add Address (Location) Save option, Home, Office, etc. it will helpful to go home from any location",positive
7b125fa3-52ea-44cd-9dfd-29526ffe22bd,2023-12-22,5,very good app 😊,positive
71e33e66-9bfe-40b1-a142-bbb2c56159c3,2023-12-22,5,Super,positive
4b176ead-9f27-41cc-986f-192b1846205d,2023-12-22,5,The app is easy to understand,positive
343125da-aaa5-428d-ad19-9765fe143b60,2023-12-22,5,Good,positive
18c2a766-2e07-4b95-9335-bca9678210a6,2023-12-22,5,Very understanding app,positive
03a4ae9f-4010-4cc6-b361-15f256f9f749,2023-12-22,5,Very nice,positive
d5546167-975f-4d8f-a5da-f0d13ebbe1f8,2023-12-21,5,The app is easy to understand,positive
98254ccf-91c7-4e34-a3fd-bc80a587d018,2023-12-21,5,User friendly App and with low cost you can travel.,positive
799a301d-00f2-46cc-ac03-208e0142b64d,2023-12-21,5,Nice,positive
7675be2d-ebc0-4ab7-aa9e-f708f6bedf06,2023-12-21,5,Really helpful I just love this,positive
584a52d5-4cad-46f5-aef9-54d494bf3d29,2023-12-21,5,Good,positive
1180d686-ae06-425a-8070-fc26eabe472c,2023-12-21,5,app nice,positive
ad9b21ce-6dde-48fd-9872-618829ea3072,2023-12-20,4,"Great work. We need your app, this service. Problems I had after installing the app, (you guys would be working on this): it not taking the destination location, also when I zooming to pin the location it is skipping a bit, after pining location it's only waiting and not proceeding... My mobile is Moto e4 plus",positive
72d4302b-a67e-4b34-b42c-a0adfe3a6b8b,2023-12-19,3,"The fares are much higher than Ola and Uber. If there is zero commission, then I would have expected at least 10% less. Uninstalled",neutral
5ad91780-d1c0-4691-aae2-6d5eacfab259,2023-12-19,5,Sanjit Kumar,positive
5730e4c1-a218-494f-a0d7-f2eb0f61cc63,2023-12-19,5,Nice app excellent ride app compared to other apps awesome,positive
a86167df-22e3-4304-bf53-965936832b6d,2023-12-18,5,Awesome journey,positive
72543184-a094-4d7f-affd-573eb7fbdfed,2023-12-18,1,Santhosh naik,negative
e97c3c11-e0a8-4a8c-a4d3-48716f5cdd6a,2023-12-17,5,Super,positive
d98d4af0-0a3f-4a3a-9780-13f448064759,2023-12-17,5,Best app yaari best,positive
d2949313-daa2-4619-b171-e60d71e8f2a6,2023-12-17,5,super service by yaari app,positive
9fe19c4b-e24b-4415-bf52-a0a3409d0feb,2023-12-17,5,Much needed app ♥️ smooth experience.,positive
84f21940-15fe-48c3-bf62-da67e88bedc0,2023-12-17,5,Bahut hi achcha app Hai help fully come fast take your ride,positive
45d4778e-96cd-4484-b813-3aa77dfe9d0b,2023-12-17,5,Downloaded the app great experience. The future is bright.Hard work from the team is showing features in the app. Recommended 100% to take a ride.,positive
1cd90f23-1d65-4448-8ee5-be0e787b8039,2023-12-17,5,Good app now days ola uber drivers cancel tha ride but now I'm using new platform yaary drivers are accepting rides and Happily come without asking drop location,positive
